,ID,LAND_NR,Partei_NR,Partei_ABK,Name,Titel,Vorname,Nachname,Jahrgang,Geschlecht,Kandidatur,LP,WKR_NR,BereitsMdB,MdB_2021,Einzug,Prozent,erneut,TW_acc,TW_user,TW_id,TW_verif,FB_acc,FB_user,FB_id,FB_typ,FB_verif
0,1,5,2,SPD,"Abdi, Sanae",,Sanae,Abdi,1986,1,3,40.0,93.0,0,1,1,"27,9",0,1,_sanaeabdi,200695422,1,1,sanaeabdispd,111576226993790,1,1
1,2,8,4,FDP,"Abel, Valentin Christian",,Valentin Christian,Abel,1991,2,3,12.0,268.0,0,1,2,'null',0,1,Valentin_C_Abel,1699863337,1,1,valentinabel.fdp,1586699104972808,1,1
19,20,6,4,FDP,"Adler, Katja",,Katja,Adler,1974,1,3,6.0,176.0,0,1,2,'null',0,1,katjadler,712941191,2,1,katjadler,106967991184300,1,1
24,25,8,6,GRÜNE,"Aeffner, Stephanie",,Stephanie,Aeffner,1976,1,3,15.0,279.0,0,1,2,'null',0,1,s_aeffner,982288614,2,1,stephanie.aeffner,666817845,3,2
42,43,8,5,DIE LINKE,"Akbulut, Gökay",,Gökay,Akbulut,1982,1,3,2.0,275.0,1,1,2,'null',1,1,AkbulutGokay,800457587510476800,1,1,goekay.akbulut,1628676764050562,1,1
49,50,13,2,SPD,"Alabali-Radovan, Reem",,Reem,Alabali-Radovan,1990,1,3,6.0,12.0,0,1,1,"29,4",0,1,ReemAlabali,1217456777643659269,2,1,reem.alabaliradovan,102424668580172,1,1
50,51,3,1,CDU,"Albani, Stephan Theodor Johannes",,Stephan Theodor Johannes,Albani,1968,2,3,11.0,27.0,1,1,2,'null',1,1,Stephan_Albani,884120154,2,1,StephanAlbaniMdB,286689658107688,1,1
60,61,6,5,DIE LINKE,"Al-Dailami, Ali Abass Yahya",,Ali Abass Yahya,Al-Dailami,1981,2,3,2.0,173.0,0,1,2,'null',0,1,ali_aldailami,989599708917137408,2,1,AliAlDailami,1024105678,3,2
65,66,9,4,FDP,"Al-Halak, Muhanad",,Muhanad,Al-Halak,1989,2,3,14.0,227.0,0,1,2,'null',0,1,HalakMuhanad,1084016250324484096,1,1,AlHalakMuhanad,167241520711879,1,1
74,75,8,4,FDP,"Alt, Renata",,Renata,Alt,1965,1,3,7.0,262.0,1,1,2,'null',1,1,RenataAlt_MdB,1001837201276235777,1,1,AltRenata,1264289176971421,1,1
77,78,6,1,CDU,"Altenkamp, Norbert Maria",,Norbert Maria,Altenkamp,1972,2,3,16.0,181.0,1,1,1,"33,3",1,1,NAltenkamp,1319570576957149184,2,1,AltenkampMdB,143012542927620,1,1
99,100,5,2,SPD,"Andres, Dagmar",,Dagmar,Andres,1969,1,3,18.0,92.0,0,1,2,'null',0,1,DagmarAndres,126421442,2,1,DagmarAndresSPD,333974029985255,1,2
106,107,2,2,SPD,"Annen, Niels",,Niels,Annen,1973,2,3,2.0,20.0,1,1,2,'null',1,1,NielsAnnen,42401449,1,1,nielsannen,601163706652420,1,1
129,130,13,2,SPD,"Arlt, Johannes",,Johannes,Arlt,1984,2,3,5.0,17.0,0,1,1,"31,1",0,1,arlt_johannes,1262451438103465984,2,1,arltjohannes,108655634192831,1,2
154,155,1,4,FDP,"Aschenberg-Dugnus, Christine Irene",,Christine Irene,Aschenberg-Dugnus,1959,1,3,3.0,4.0,1,1,2,'null',1,1,cad59,25980076,1,1,AschenbergDugnusMdB,1581155168671300,1,1
165,166,11,6,GRÜNE,"Audretsch, Andreas",,Andreas,Audretsch,1984,2,3,4.0,82.0,0,1,2,'null',0,1,AnAudretsch,995519538,1,1,andreas.audretsch,580255140,3,2
172,173,9,7,CSU,"Aumer, Peter",,Peter,Aumer,1976,2,2,,233.0,1,1,1,"35,3",1,1,PeterAumer,348460907,1,1,PeAumer,272174299602455,1,1
173,174,5,6,GRÜNE,"Außendorf, Maik",,Maik,Außendorf,1971,2,3,18.0,100.0,0,1,2,'null',0,1,maik_aussendorf,24253731,1,1,maussendorf,108607258028382,1,1
186,187,8,6,GRÜNE,"Bacherle, Tobias Björn",,Tobias Björn,Bacherle,1994,2,3,13.0,260.0,0,1,2,'null',0,1,TBBacherle,2835233692,1,1,TBBacherle,623394177837445,1,1
198,199,9,6,GRÜNE,"Badum, Lisa Hildegard",,Lisa Hildegard,Badum,1983,1,3,9.0,236.0,1,1,2,'null',1,1,badulrichmartha,282195399,1,1,BadumLisa,99489241160,1,1
202,203,12,6,GRÜNE,"Baerbock, Annalena Charlotte Alma",,Annalena Charlotte Alma,Baerbock,1980,1,3,1.0,61.0,1,1,2,'null',1,1,ABaerbock,2179010672,1,1,abaerbock,1675394899406675,1,1
205,206,9,2,SPD,"Bahr, Ulrike Renate Martina",,Ulrike Renate Martina,Bahr,1964,1,3,16.0,252.0,1,1,2,'null',1,1,MdB_Ulrike_Bahr,724565991104110592,2,1,mdb.ulrike.bahr,488276387901037,1,1
209,210,7,2,SPD,"Baldy, Daniel",,Daniel,Baldy,1994,2,3,5.0,205.0,0,1,1,"24,9",0,1,baldy_daniel,3305672686,2,1,baldy.spd,104478578452808,1,1
216,217,5,6,GRÜNE,"Banaszak, Felix",,Felix,Banaszak,1989,2,3,6.0,116.0,0,1,2,'null',0,1,fbanaszak,395209158,1,1,felix.banaszak,1335983894,2,1
223,224,9,7,CSU,"Bär, Dorothee Gisela Renate Maria",,Dorothee Gisela Renate Maria,Bär,1978,1,3,2.0,248.0,1,1,1,"39,1",1,1,DoroBaer,140821364,1,1,DorotheeBaerMdB,84588674291,1,1
224,225,9,6,GRÜNE,"Bär, Karl",,Karl,Bär,1985,2,3,12.0,223.0,0,1,2,'null',0,1,karlbaer,33172351,2,1,KarlBaerBundestag,308243095957112,1,1
225,226,5,2,SPD,"Baradari, Nezahat",,Nezahat,Baradari,1965,1,3,26.0,149.0,1,1,2,'null',1,1,NBaradari,2773426719,2,1,Baradari2021,572683579602491,1,2
227,228,8,1,CDU,"Bareiß, Thomas",,Thomas,Bareiß,1975,2,2,,295.0,1,1,1,"30,1",1,1,Thomas_Bareiss,2797812265,1,1,thomas.bareiss,152284468263590,1,1
251,252,6,2,SPD,"Bartol, Sören",,Sören,Bartol,1974,2,3,5.0,171.0,1,1,1,"36,9",1,1,soerenbartol,57293969,1,1,soerenbartol,1395797837300016,1,1
253,254,13,5,DIE LINKE,"Bartsch, Dr. Dietmar Gerhard",Dr.,Dietmar Gerhard,Bartsch,1958,2,3,1.0,14.0,1,1,2,'null',1,1,DietmarBartsch,2320519958,1,1,DietmarBartschMdB,135751919841485,1,1
260,261,5,2,SPD,"Bas, Bärbel",,Bärbel,Bas,1968,1,3,12.0,115.0,1,1,1,"40,3",1,1,baerbelbas,19438957,1,1,baerbel.bas,645760532106194,3,2
274,275,9,4,FDP,"Bauer, Nicole Anna Elisabeth",,Nicole Anna Elisabeth,Bauer,1987,1,3,7.0,228.0,1,1,2,'null',1,1,nicole_ae_bauer,1061873979760263168,1,1,bauer.nicole.fdp,675646769291203,1,1
282,283,8,3,AfD,"Baum, Dr. Christina",Dr.,Christina,Baum,1956,1,3,8.0,276.0,0,1,2,'null',0,1,DrChristinaBaum,955899834325700609,2,1,Dr.Christina.Baum,449770495211587,1,1
285,286,2,3,AfD,"Baumann, Dr. Bernd",Dr.,Bernd,Baumann,1958,2,3,1.0,19.0,1,1,2,'null',1,1,BerndBaumannAfD,3043727333,2,1,Dr.Bernd.Baumann,1679743389020111,1,1
308,309,11,6,GRÜNE,"Bayram, Canan",,Canan,Bayram,1966,1,2,,83.0,1,1,1,"37,8",1,1,LieblingXhain,587862375,1,1,ErststimmeBayram,169703019755684,1,1
318,319,2,6,GRÜNE,"Beck, Katharina Barbara Maria",,Katharina Barbara Maria,Beck,1982,1,3,1.0,21.0,0,1,2,'null',0,1,kathabeck,36052322,1,1,kathabeck,568356598,3,2
319,320,5,3,AfD,"Beckamp, Roger Friedrich Nikolaus",,Roger Friedrich Nikolaus,Beckamp,1975,2,3,8.0,98.0,0,1,2,'null',0,1,RogerBeckamp,4755310637,1,1,roger.beckamp,100006531946710,3,2
338,339,3,4,FDP,"Beeck, Jens",,Jens,Beeck,1969,2,3,2.0,31.0,1,1,2,'null',1,1,jensbeeck,179216369,1,1,jensbeeck.de,592280557638475,1,1
399,400,1,2,SPD,"Bergt, Bengt Axel",,Bengt Axel,Bergt,1982,2,3,9.0,8.0,0,1,1,32,0,1,BengtBergt,1319941408422318081,0,1,bengtbergt2021,102717265242302,1,1
405,406,8,3,AfD,"Bernhard, Marc Albert",,Marc Albert,Bernhard,1972,2,3,6.0,271.0,1,1,2,'null',1,1,MarcBernhardAfD,805823950253150208,1,1,MarcBernhardAfD,953370261352295,1,1
430,431,5,1,CDU,"Beyer, Peter",,Peter,Beyer,1970,2,3,28.0,105.0,1,1,1,"31,3",1,1,Peter_Beyer,445375409,2,1,peterbeyermdb,612601668757620,1,1
437,438,8,1,CDU,"Biadacz, Marc Josef",,Marc Josef,Biadacz,1979,2,2,,260.0,1,1,1,"29,7",1,1,MBiadaczMdB,935815000006053888,1,1,MBiadacz,1705704139744126,1,1
456,457,8,1,CDU,"Bilger, Steffen Rudi",,Steffen Rudi,Bilger,1979,2,3,4.0,265.0,1,1,1,"29,5",1,1,SteffenBilger,23925041,1,1,steffen.bilger.cdu,847387425402196,1,1
466,467,5,5,DIE LINKE,"Birkwald, Matthias Walter",,Matthias Walter,Birkwald,1961,2,3,2.0,94.0,1,1,2,'null',1,1,MWBirkwald,748851762,1,1,matthias.w.birkwald,2031454600399341,1,1
477,478,3,2,SPD,"Blankenburg, Jakob",,Jakob,Blankenburg,1997,2,3,15.0,37.0,0,1,1,"28,2",0,1,JakobBla,88495338,1,1,jakobblankenburg.spd,102343321860802,1,1
483,484,7,3,AfD,"Bleck, Andreas",,Andreas,Bleck,1988,2,3,3.0,197.0,1,1,2,'null',1,1,andreasbleckmdb,910878654535749632,2,1,AndreasBleckMdB,441715872855412,1,1
514,515,15,4,FDP,"Bodtke, Ingo",,Ingo,Bodtke,1965,2,3,2.0,74.0,0,1,2,'null',0,1,IngoBodtke,3418642394,2,1,ingo.bodtke,1288776822,3,2
517,518,9,3,AfD,"Boehringer, Peter Christian Pascal",,Peter Christian Pascal,Boehringer,1969,2,3,1.0,232.0,1,1,2,'null',1,1,PeterBoehringer,99268600,2,1,Peter.BoehringerCom,1534799293402291,1,1
585,586,8,4,FDP,"Brandenburg, Dr. Jens",Dr.,Jens,Brandenburg,1986,2,3,8.0,277.0,1,1,2,'null',1,1,JBrandenburgFDP,857906951707127808,1,1,JensBrandenburgFDP,364409693629796,1,1
586,587,7,4,FDP,"Brandenburg, Mario",,Mario,Brandenburg,1983,2,1,3.0,,1,1,2,'null',1,1,BraFDP,802968497831739392,2,1,Bra.FDP,171048233358845,1,1
590,591,9,7,CSU,"Brandl, Dr. Reinhard",Dr.,Reinhard,Brandl,1977,2,2,,216.0,1,1,1,"44,9",1,1,reinhardbrandl,262730721,2,1,ReinhardBrandlMdB,326547101058452,1,1
592,593,16,3,AfD,"Brandner, Stephan Günther",,Stephan Günther,Brandner,1966,2,3,1.0,194.0,1,1,1,29,1,1,StBrandner,713361366858481664,1,1,stBrandner,1550798871807977,1,1
598,599,8,6,GRÜNE,"Brantner, Dr. Franziska Katharina",Dr.,Franziska Katharina,Brantner,1979,1,3,1.0,274.0,1,1,1,"30,2",1,1,fbrantner,32323724,1,1,fbrantner,169458386402344,1,1
605,606,6,1,CDU,"Braun, Dr. Helge Reinhold",Dr.,Helge Reinhold,Braun,1972,2,3,1.0,173.0,1,1,2,'null',1,1,HBraun,19108071,1,1,helge.braun,61457331088,1,1
607,608,8,3,AfD,"Braun, Jürgen Friedrich",,Jürgen Friedrich,Braun,1961,2,3,10.0,264.0,1,1,2,'null',1,1,JuergenBraunAfD,917756296555892736,1,1,braunafd,1889496344625839,1,1
616,617,3,1,CDU,"Breher, Silvia Maria",,Silvia Maria,Breher,1973,1,3,30.0,32.0,1,1,1,49,1,1,BreherSilvia,1337056810566553607,2,1,Silvia.Breher.CDU,549488612106846,1,1
621,622,9,7,CSU,"Brehm, Sebastian",,Sebastian,Brehm,1971,2,3,15.0,244.0,1,1,1,"28,4",1,1,Brehm_inNBGNord,904304932257492992,1,1,sebastianbrehm.de,138987483307740,1,1
622,623,15,1,CDU,"Brehmer, Heike Martina",,Heike Martina,Brehmer,1962,1,3,1.0,68.0,1,1,1,"27,7",1,1,HeikeBrehmerMdB,150372237,1,1,heike.brehmer.14,1733011786,2,1
624,625,5,1,CDU,"Breilmann, Michael",,Michael,Breilmann,1983,2,3,16.0,121.0,0,1,2,'null',0,1,m_breilmann,893027627568697344,2,1,mbreilmann,637407053037068,1,1
638,639,8,2,SPD,"Breymaier, Leni",,Leni,Breymaier,1960,1,3,7.0,270.0,1,1,2,'null',1,1,LeniBreymaier,748453543632330752,1,1,BreymaierLeni,680825728745786,1,1
642,643,5,1,CDU,"Brinkhaus, Ralph",,Ralph,Brinkhaus,1968,2,3,3.0,131.0,1,1,1,40,1,1,rbrinkhaus,38001527,1,1,ralph.brinkhaus,586378098123212,1,1
676,677,8,6,GRÜNE,"Brugger, Agnes Monika",,Agnes Monika,Brugger,1985,1,3,3.0,294.0,1,1,2,'null',1,1,agnieszka_mdb,172269309,1,1,agnieszkamdb,169881576447003,1,1
690,691,3,6,GRÜNE,"Bsirske, Frank",,Frank,Bsirske,1952,2,3,6.0,51.0,0,1,2,'null',0,1,FBsirske,1419751204465356805,0,1,Fbsirske,101253805382184,1,1
691,692,9,4,FDP,"Bubendorfer-Licht, Sandra",,Sandra,Bubendorfer-Licht,1969,1,3,9.0,212.0,1,1,2,'null',1,1,Bubendorferfdp,887343634647003136,1,1,bubendorferlicht,427823900665329,1,1
708,709,16,3,AfD,"Bühl, Marcus",,Marcus,Bühl,1977,2,3,5.0,192.0,1,1,1,"26,5",1,1,Marcus_Buehl,729360191263780867,1,1,marcus.buehl.afd,1843056589285625,1,2
736,737,8,1,CDU,"Bury, Yannick",,Yannick,Bury,1990,2,2,,283.0,0,1,1,"27,8",0,1,YannickBury,33738797,2,1,yannick.bury.cdu,451241478944949,1,1
741,742,5,4,FDP,"Buschmann, Dr. Marco",Dr.,Marco,Buschmann,1977,2,3,4.0,123.0,1,1,2,'null',1,1,MarcoBuschmann,106136813,1,1,MarcoBuschmannFDP,1375993365821383,1,1
744,745,5,4,FDP,"Busen, Karlheinz",,Karlheinz,Busen,1951,2,3,11.0,126.0,1,1,2,'null',1,1,busen_mdb,935554963639558145,1,1,KarlheinzBusen,1609868125920282,1,1
752,753,9,3,AfD,"Bystron, Petr",,Petr,Bystron,1972,2,3,4.0,217.0,1,1,2,'null',1,1,PetrBystronAfD,810957560723505152,2,1,bystronpetr,100044368991651,1,2
753,754,8,2,SPD,"Cademartori Dujisin, Isabel Andrea",,Isabel Andrea,Cademartori Dujisin,1988,1,3,17.0,275.0,0,1,1,"26,4",0,1,isacademartori,204259229,1,1,isacademartori,1222883021,3,2
767,768,8,2,SPD,"Castellucci, Dr. Lars",Dr.,Lars,Castellucci,1974,2,3,10.0,277.0,1,1,2,'null',1,1,larscastellucci,17469649,1,1,larscastellucci,295376017278501,1,1
785,786,8,6,GRÜNE,"Christmann, Dr. Anna Maria",Dr.,Anna Maria,Christmann,1983,1,3,8.0,259.0,1,1,2,'null',1,1,annachristmann,1617177360,1,1,AnnaChristmannBT,1167625756623830,1,1
787,788,14,3,AfD,"Chrupalla, Tino",,Tino,Chrupalla,1975,2,3,1.0,157.0,1,1,1,"35,8",1,1,Tino_Chrupalla,797137333820784640,1,1,TinoAfD,1592161514425449,1,1
809,810,3,1,CDU,"Connemann, Gitta",,Gitta,Connemann,1964,1,3,3.0,25.0,1,1,1,"44,4",1,1,gitta_connemann,1125751445205262336,1,1,GittaConnemann,175211392516482,1,1
814,815,5,2,SPD,"Coße, Jürgen",,Jürgen,Coße,1969,2,3,29.0,128.0,0,1,2,'null',0,1,juergencosse,161395160,1,1,SPD.Juergen.Cosse,144032345752517,1,1
816,817,6,3,AfD,"Cotar, Joana Eleonora",,Joana Eleonora,Cotar,1973,1,3,2.0,183.0,1,1,2,'null',1,1,JoanaCotar,814970546366611457,1,1,afd.joanacotar,242641809484926,1,1
823,824,5,4,FDP,"Cronenberg, Carl-Julius",,Carl-Julius,Cronenberg,1962,2,3,14.0,147.0,1,1,2,'null',1,1,cjcronenberg,1325126973631455232,1,1,CarloCronenberg,1598008726876796,1,1
824,825,11,3,AfD,"Curio, Dr. Gottfried",Dr.,Gottfried,Curio,1960,2,1,2.0,,1,1,2,'null',1,1,GottfriedCurio,848618993015500802,1,1,GottfriedCurio.AfD,265344823886953,1,1
828,829,11,1,CDU,"Czaja, Mario",,Mario,Czaja,1975,2,2,,85.0,0,1,1,"29,4",0,1,MarioCzaja,115666099,1,1,czaja.mario,341164211104,1,1
836,837,5,5,DIE LINKE,"Dagdelen, Sevim",,Sevim,Dagdelen,1975,1,3,3.0,140.0,1,1,2,'null',1,1,SevimDagdelen,139407967,1,1,MdBSevimDagdelen,1753343008226103,1,1
839,840,5,6,GRÜNE,"Dahmen, Dr. Janosch",Dr.,Janosch,Dahmen,1981,2,3,24.0,138.0,1,1,2,'null',1,1,janoschdahmen,16697497,1,1,janoschdahmen,1007318640,2,1
842,843,5,2,SPD,"Daldrup, Bernhard",,Bernhard,Daldrup,1956,2,3,9.0,130.0,1,1,2,'null',1,1,BernhardDaldrup,1329019163126476800,2,1,bernharddaldrup,392079271343256,1,1
863,864,2,1,CDU,"de Vries, Christoph Bernhard",,Christoph Bernhard,de Vries,1974,2,3,3.0,18.0,1,1,2,'null',1,1,VriesChristoph,1193925069476696064,2,1,christoph.devries,101094999966880,1,1
870,871,9,6,GRÜNE,"Deligöz, Ekin",,Ekin,Deligöz,1971,1,3,3.0,255.0,1,1,2,'null',1,1,ekindeligoez,22125770,1,1,deligoez.ekin,108268569247213,1,1
873,874,11,2,SPD,"Demir, Hakan",,Hakan,Demir,1984,2,2,,82.0,0,1,1,26,0,1,HakanDemirNK,2942564267,1,1,HakanDemirNK,103704231482560,1,1
887,888,8,6,GRÜNE,"Detzer, Dr. Sandra",Dr.,Sandra,Detzer,1980,1,3,5.0,265.0,0,1,2,'null',0,1,detzer_sandra,797777115689132032,2,1,sandra.detzer.5,757653864,3,2
892,893,15,2,SPD,"Diaby, Dr. Karamba",Dr.,Karamba,Diaby,1961,2,3,1.0,72.0,1,1,1,"28,8",1,1,KarambaDiaby,316355056,1,1,DrKarambaDiaby,330061277100619,1,1
902,903,7,2,SPD,"Diedenhofen, Martin",,Martin,Diedenhofen,1995,2,3,7.0,197.0,0,1,2,'null',0,1,MDiedenhofen,785136227775344640,1,1,MDiedenhofen,1057779890981986,1,1
905,906,5,2,SPD,"Dieren, Jan Ulrich",,Jan Ulrich,Dieren,1991,2,3,49.0,114.0,0,1,1,"35,2",0,1,JanUlrichDieren,1321043479229878272,2,1,jan.dieren.5,100002530281774,3,2
913,914,14,3,AfD,"Dietz, Thomas",,Thomas,Dietz,1967,2,3,13.0,164.0,0,1,1,"31,7",0,1,tommylukoil,1117821932,2,1,thomaseckhard.dietz.1,100039439574133,3,2
916,917,6,2,SPD,"Dilcher, Esther",,Esther,Dilcher,1965,1,3,8.0,167.0,1,1,1,"37,9",1,1,EstherDilcher,939092636165689345,2,1,esther.dilcher,153140561875617,1,1
928,929,9,2,SPD,"Dittmar, Sabine",,Sabine,Dittmar,1964,1,3,14.0,248.0,1,1,2,'null',1,1,dittmarsabine,1872648764,2,1,SabineDittmarMdB,138187167349,1,1
931,932,5,4,FDP,"Djir-Sarai, Bijan",,Bijan,Djir-Sarai,1976,2,3,6.0,108.0,1,1,2,'null',1,1,DjirSarai,960463104537657344,1,1,djirsarai,791450961024980,1,1
948,949,12,5,DIE LINKE,"Domscheit-Berg, Anke Margarete",,Anke Margarete,Domscheit-Berg,1968,1,3,2.0,58.0,1,1,2,'null',1,1,anked,16557497,1,1,AnkeDomscheitBerg,394450414220955,1,1
1000,1001,5,6,GRÜNE,"Dröge, Katharina",,Katharina,Dröge,1984,1,3,5.0,95.0,1,1,2,'null',1,1,katdro,15722010,1,1,KatharinaDroegeMdB,1895940400636093,1,1
1017,1018,6,6,GRÜNE,"Düring, Deborah Saskia",,Deborah Saskia,Düring,1994,1,3,7.0,182.0,0,1,2,'null',0,1,DeborahDuering,1249088270128029696,2,1,DeborahDuering,322235575150754,1,2
1019,1020,3,4,FDP,"Dürr, Christian",,Christian,Dürr,1977,2,3,1.0,28.0,1,1,2,'null',1,1,christianduerr,17535941,1,1,duerr.christian,1797023703896597,1,1
1020,1021,9,7,CSU,"Durz, Hansjörg",,Hansjörg,Durz,1971,2,2,,253.0,1,1,1,"40,6",1,1,Hansjoerg_Durz,1662533040,1,1,Hansjoerg.Durz,608651842489093,1,1
1035,1036,8,6,GRÜNE,"Ebner, Harald",,Harald,Ebner,1964,2,3,7.0,268.0,1,1,2,'null',1,1,ebner_sha,52431948,1,1,HaraldEbnerMdB,95123288681,1,1
1042,1043,9,6,GRÜNE,"Eckert, Leon",,Leon,Eckert,1995,2,3,18.0,214.0,0,1,2,'null',0,1,Leckert_,714742039,1,1,leon.leckert,100001135175464,3,2
1046,1047,9,7,CSU,"Edelhäußer, Ralph",,Ralph,Edelhäußer,1973,2,2,,246.0,0,1,1,38,0,1,edelhaeusser,152339060,2,1,ralph.edelhaeusser,100000721452321,3,2
1066,1067,3,3,AfD,"Ehrhorn, Thomas Ludwig Walter",,Thomas Ludwig Walter,Ehrhorn,1959,2,3,3.0,44.0,1,1,2,'null',1,1,Thomas_Ehrhorn,3242322815,2,1,Thomas-Ehrhorn-AfD-945204268844750,945204268844750,1,2
1075,1076,12,2,SPD,"Eichwede, Sonja Katharina",,Sonja Katharina,Eichwede,1987,1,3,6.0,60.0,0,1,1,"32,1",0,1,sonjaeichwede,2532432664,2,1,eichwede,118585603105337,1,1
1109,1110,8,6,GRÜNE,"Emmerich, Marcel",,Marcel,Emmerich,1991,2,3,11.0,291.0,1,1,2,'null',1,1,herr_emmerich,16695267,1,1,herremmerich,1293721882,3,2
1130,1131,9,7,CSU,"Englhardt-Kopf, Martina",,Martina,Englhardt-Kopf,1981,1,3,12.0,234.0,0,1,1,"35,1",0,1,EnglhardtKopf,1335676869061062662,2,1,englhardtkopf,100143048926878,1,1
1148,1149,9,7,CSU,"Erndl, Thomas Maximilian",,Thomas Maximilian,Erndl,1974,2,2,,227.0,1,1,1,"37,4",1,1,TErndl,2192588903,1,1,Thomas.Erndl.Bayern,278699465908771,1,1
1149,1150,9,5,DIE LINKE,"Ernst, Klaus Friedrich",,Klaus Friedrich,Ernst,1954,2,3,2.0,250.0,1,1,2,'null',1,1,ernst_klaus,64994645,1,1,mdb.klaus.ernst,86704161022,1,1
1156,1157,5,2,SPD,"Esdar, Dr. Wiebke",Dr.,Wiebke,Esdar,1984,1,3,16.0,132.0,1,1,1,30,1,1,wiebkeesdar1,1042109887604563968,2,1,WiebkeEsdar2017,1433558319994719,1,1
1158,1159,8,2,SPD,"Esken, Saskia Christina",,Saskia Christina,Esken,1961,1,3,1.0,280.0,1,1,2,'null',1,1,EskenSaskia,1423622834,1,1,EskenSaskia,410100252391597,1,1
1161,1162,5,3,AfD,"Espendiller, Dr. Michael",Dr.,Michael,Espendiller,1989,2,3,6.0,126.0,1,1,2,'null',1,1,DrMEspendiller,885167849685340161,2,1,EspendillerM,798071870367436,1,1
1179,1180,15,4,FDP,"Faber, Dr. Marcus",Dr.,Marcus,Faber,1984,2,3,1.0,66.0,1,1,2,'null',1,1,MarcusFaber,22364234,1,1,marcusfabermdb,105315240990459,1,1
1183,1184,3,2,SPD,"Fahimi, Yasmin",,Yasmin,Fahimi,1967,1,3,8.0,42.0,1,1,1,"32,9",1,1,FahimiYasmin,1038034431385247745,1,1,yasmin.fahimi,1386598984894087,1,1
1191,1192,15,3,AfD,"Farle, Robert",,Robert,Farle,1950,2,2,,74.0,0,1,1,"25,1",0,1,robert_farle,2958611710,2,1,RobertFarle22,1565754943752371,1,1
1193,1194,12,2,SPD,"Fäscher, Ariane",,Ariane,Fäscher,1968,1,3,10.0,58.0,0,1,1,"26,3",0,1,ArianeFaescher,1371580189000486919,2,1,arianefaescher,177932197259751,1,2
1199,1200,8,2,SPD,"Fechner, Dr. Johannes",Dr.,Johannes,Fechner,1972,2,3,6.0,283.0,1,1,2,'null',1,1,FechnerJohannes,1105754727101485058,2,1,johannesfechner.spd,555842074449519,1,1
1205,1206,12,1,CDU,"Feiler, Uwe Wolfgang Werner",,Uwe Wolfgang Werner,Feiler,1965,2,3,2.0,58.0,1,1,2,'null',1,1,UweFe,47151012,2,1,uwe.feiler,108826898029,1,1
1216,1217,9,3,AfD,"Felser, Peter",,Peter,Felser,1969,2,1,11.0,,1,1,2,'null',1,1,PeterFelser,3384789731,2,1,peterfelserafd,225499161202327,1,2
1223,1224,9,5,DIE LINKE,"Ferschl, Susanne",,Susanne,Ferschl,1973,1,3,3.0,257.0,1,1,2,'null',1,1,SusanneFerschl,1096063189249331201,2,1,FerschlSusanne,1757842324535579,1,1
1224,1225,2,6,GRÜNE,"Fester, Emilia Johanna",,Emilia Johanna,Fester,1998,1,1,3.0,,0,1,2,'null',0,1,emiliafester,956609533312462850,2,1,emilia.fester,100002735191735,3,2
1232,1233,5,2,SPD,"Fiedler, Sebastian",,Sebastian,Fiedler,1973,2,3,62.0,118.0,0,1,1,"36,3",0,1,fiedelseb,417280296,2,1,sebastian.fiedler.9400,100063564962479,3,2
1295,1296,9,4,FDP,"Föst, Daniel Wolfgang",,Daniel Wolfgang,Föst,1976,2,3,1.0,217.0,1,1,2,'null',1,1,DFoest,422569574,1,1,daniel.foest.Bundestag,1026865247418194,1,1
1306,1307,6,2,SPD,"Franke, Dr. Edgar Konrad Hartmut",Dr.,Edgar Konrad Hartmut,Franke,1960,2,3,11.0,170.0,1,1,1,"39,3",1,1,FrankeEdgar,481393623,1,1,FrankeEdgar,106694729500758,1,1
1319,1320,8,1,CDU,"Frei, Thorsten",,Thorsten,Frei,1973,2,2,,286.0,1,1,1,"36,4",1,1,thorsten_frei,1181598578508214272,2,1,ThorstenFreiCDU,175778159240756,1,1
1323,1324,8,1,CDU,"Freiherr von Stetten, Christian Alexander",,Christian Alexander,Freiherr von Stetten,1970,2,2,,268.0,1,1,1,"32,1",1,1,CvStetten,1334019378,2,1,christian.vonstetten,100000624395273,3,2
1335,1336,5,4,FDP,"Fricke, Otto",,Otto,Fricke,1965,2,3,7.0,110.0,1,1,2,'null',1,1,Otto_Fricke,18044683,1,1,ottofrickefdp,164713303726525,1,1
1351,1352,9,7,CSU,"Frieser, Michael",,Michael,Frieser,1964,2,3,13.0,245.0,1,1,1,"34,4",1,1,MichaelFrieser,4577700622,1,1,michael.frieser.csu,1636686689918879,1,1
1371,1372,8,3,AfD,"Frohnmaier, Markus-Cornel",,Markus-Cornel,Frohnmaier,1991,2,3,4.0,260.0,1,1,2,'null',1,1,Frohnmaier_AfD,4130621842,2,1,frohnmaier,1409631672620315,1,1
1373,1374,11,3,AfD,"Frömming, Dr. Götz",Dr.,Götz,Frömming,1968,2,3,3.0,76.0,1,1,2,'null',1,1,GtzFrmming,809895794,1,1,goetzfroemming,1163768790326569,1,1
1390,1391,9,4,FDP,"Funke genannt Kaiser, Maximilian Ludwig",,Maximilian Ludwig,Funke genannt Kaiser,1993,2,1,11.0,,0,1,2,'null',0,1,max_fksr,2237664229,1,1,funkekaiser,575715812512357,1,1
1391,1392,14,2,SPD,"Funke, Fabian",,Fabian,Funke,1997,2,3,7.0,158.0,0,1,2,'null',0,1,funke_fabian,941607536968519680,1,1,fabianfunke.spd,109612901279011,1,1
1408,1409,1,1,CDU,"Gädechens, Ingo Adolf August",,Ingo Adolf August,Gädechens,1960,2,3,3.0,9.0,1,1,2,'null',1,1,gadechens,1157298670745899014,2,1,ingo.gaedechens,100000872166212,3,2
1416,1417,5,6,GRÜNE,"Gambir, Schahina",,Schahina,Gambir,1991,1,3,19.0,134.0,0,1,2,'null',0,1,schahinag,1284802020382310400,1,1,scha.hina,100000447875328,3,2
1419,1420,9,6,GRÜNE,"Ganserer, Markus (Tessa)",,Markus (Tessa),Ganserer,1977,1,3,13.0,244.0,0,1,2,'null',0,1,GansGruen,41365109,1,1,Tessa Ganserer,2056406514397698,1,1
1433,1434,8,6,GRÜNE,"Gastel, Matthias",,Matthias,Gastel,1970,2,3,9.0,262.0,1,1,2,'null',1,1,MatthiasGastel,727782559,1,1,MatthiasGastelMdB,280699312717472,1,2
1446,1447,7,1,CDU,"Gebhart, Dr. Thomas",Dr.,Thomas,Gebhart,1971,2,3,3.0,211.0,1,1,2,'null',1,1,thomasgebhart,51483238,1,1,gebhart.th,399610793419033,1,1
1451,1452,5,6,GRÜNE,"Gehring, Kai",,Kai,Gehring,1977,2,3,16.0,120.0,1,1,2,'null',1,1,KaiGehring,110368456,1,1,kai.gehring,93711056469,1,1
1463,1464,9,7,CSU,"Geissler, Dr. Jonas Alexander Tecumseh",Dr.,Jonas Alexander Tecumseh,Geissler,1984,2,2,,238.0,0,1,1,"36,5",0,1,GeisslerJonas,3375074608,2,1,JonasGeissler1984,107599588210185,1,1
1466,1467,11,6,GRÜNE,"Gelbhaar, Stefan",,Stefan,Gelbhaar,1976,2,3,2.0,76.0,1,1,1,"25,5",1,1,StefanGelbhaar,426582569,1,1,Gelbhaar,129289704426208,1,1
1475,1476,5,2,SPD,"Gerdes, Michael",,Michael,Gerdes,1960,2,3,41.0,125.0,1,1,1,39,1,1,GerdesMdB,2468956470,2,1,michaelgerdesmdb,1745682372370310,1,1
1499,1500,5,6,GRÜNE,"Gesenhues, Dr. Jan-Niclas",Dr.,Jan-Niclas,Gesenhues,1990,2,3,8.0,128.0,0,1,2,'null',0,1,JN_Gesenhues,370585284,1,1,JanniGesenhues,1998777053683118,1,1
1536,1537,7,2,SPD,"Glöckner, Angelika",,Angelika,Glöckner,1962,1,3,8.0,210.0,1,1,1,"30,4",1,1,A_Gloeckner,976421048,1,1,gloeckner.wpf,339735429489657,1,1
1542,1543,12,3,AfD,"Gnauck, Hannes",,Hannes,Gnauck,1991,2,3,5.0,57.0,0,1,2,'null',0,1,Hannes_Gnauck,1325859656015679493,2,1,Hannes-Gnauck-AfD-559704501209297,559704501209297,1,2
1553,1554,9,5,DIE LINKE,"Gohlke, Nicole Stephanie",,Nicole Stephanie,Gohlke,1975,1,3,1.0,220.0,1,1,2,'null',1,1,NicoleGohlke,866425075,1,1,NicoleGohlkeMdB,560137777526640,1,1
1578,1579,16,6,GRÜNE,"Göring-Eckardt, Katrin",,Katrin,Göring-Eckardt,1966,1,3,1.0,193.0,1,1,2,'null',1,1,GoeringEckardt,626287930,1,1,GoeringEckardt,60074915591,1,1
1579,1580,12,5,DIE LINKE,"Görke, Christian",,Christian,Görke,1962,2,3,1.0,64.0,0,1,2,'null',0,1,goerke_c,1411676203224870912,1,1,ChristianGoerkeLINKE,202117839972828,1,1
1594,1595,5,3,AfD,"Gottschalk, Kay",,Kay,Gottschalk,1965,2,3,2.0,111.0,1,1,2,'null',1,1,KayGottschalk1,1286011081,1,1,KayGottschalkAfD,578990648975282,1,1
1604,1605,5,4,FDP,"Graf Lambsdorff, Alexander",,Alexander,Graf Lambsdorff,1966,2,3,3.0,96.0,1,1,2,'null',1,1,Lambsdorff,149299258,1,1,Alexander.Lambsdorff,519398914740380,1,1
1612,1613,8,1,CDU,"Gramling, Fabian Benedikt Meinrad",,Fabian Benedikt Meinrad,Gramling,1987,2,2,,266.0,0,1,1,"30,4",0,1,FabianGramling,738358276560150532,1,1,f.gramling,1038130056206822,1,1
1620,1621,8,1,CDU,"Gräßle, Dr. Ingeborg Gabriele",Dr.,Ingeborg Gabriele,Gräßle,1961,1,3,5.0,269.0,0,1,1,"30,5",0,1,inge_graessle,429065822,1,1,100055447729344,100055447729344,3,2
1631,1632,6,2,SPD,"Gremmels, Timon",,Timon,Gremmels,1976,2,3,25.0,168.0,1,1,1,"36,1",1,1,Timon_Gremmels,494809842,1,1,TimonGremmels,621438468048970,1,1
1643,1644,5,2,SPD,"Griese, Kerstin",,Kerstin,Griese,1966,1,3,4.0,105.0,1,1,2,'null',1,1,KerstinGriese,39709752,1,1,KerstinGrieseMdB,267441470338062,1,1
1654,1655,5,1,CDU,"Gröhe, Gottfried Hermann",,Gottfried Hermann,Gröhe,1961,2,3,14.0,108.0,1,1,1,"35,8",1,1,groehe,94363834,1,1,groehe,84534791408,1,1
1668,1669,3,1,CDU,"Grosse-Brömer, Michael",,Michael,Grosse-Brömer,1960,2,3,2.0,36.0,1,1,2,'null',1,1,MGrosseBroemer,574424501,1,1,MGrosseBroemer,121948104610196,1,1
1675,1676,9,2,SPD,"Grötsch, Ulrich Peter",,Ulrich Peter,Grötsch,1975,2,3,1.0,235.0,1,1,2,'null',1,1,UliGroetsch,867351565757239296,1,1,uli.groetsch,199480603522909,1,1
1678,1679,8,1,CDU,"Grübel, Markus",,Markus,Grübel,1959,2,2,,261.0,1,1,1,32,1,1,GruebelMdb,796691290016583680,1,1,MarkusGruebelMdB,127441196853,1,1
1686,1687,9,6,GRÜNE,"Grundl, Erhard",,Erhard,Grundl,1963,2,3,8.0,231.0,1,1,2,'null',1,1,Erhard_Grundl,951773879822880768,1,1,grundl.erhard,179806689429725,1,2
1698,1699,5,6,GRÜNE,"Grützmacher, Sabine",,Sabine,Grützmacher,1986,1,3,25.0,99.0,0,1,2,'null',0,1,S_Gruetzmacher,1221559096463306752,1,1,SabineGruetzmacher.obk,100003656798732,2,1
1708,1709,5,1,CDU,"Güler, Serap",,Serap,Güler,1980,1,3,8.0,101.0,0,1,2,'null',0,1,SerapGueler,2645960542,1,1,serapgueler,108210364883453,1,2
1723,1724,3,1,CDU,"Güntzler, Fritz",,Fritz,Güntzler,1966,2,3,10.0,53.0,1,1,2,'null',1,1,FGuentzler,779601750789656576,2,1,fguentzler,100057724254641,1,1
1724,1725,9,5,DIE LINKE,"Gürpinar, Ates Nils",,Ates Nils,Gürpinar,1984,2,3,4.0,222.0,0,1,2,'null',0,1,AtesGuerpinar,833040538370719746,1,1,ates.guerpinar,1830151243695018,1,1
1731,1732,8,1,CDU,"Gutting, Olav Steffen",,Olav Steffen,Gutting,1970,2,2,,278.0,1,1,1,"29,6",1,1,olavgutting,58429842,1,1,olavguttting,104216535272606,1,2
1736,1737,11,5,DIE LINKE,"Gysi, Gregor",,Gregor,Gysi,1948,2,2,,84.0,1,1,1,"35,4",1,1,GregorGysi,888289790,1,1,gregor.gysi,42497482692,1,1
1742,1743,5,1,CDU,"Haase, Christian",,Christian,Haase,1966,2,2,,136.0,1,1,1,"40,1",1,1,ChristianHaase6,1601699642,2,1,haasechristian.de,620464327970113,1,1
1756,1757,9,4,FDP,"Hacker, Thomas",,Thomas,Hacker,1967,2,3,13.0,237.0,1,1,2,'null',1,1,hacker_fdp,89209507,1,1,FDP.Hacker,135179350225,1,1
1766,1767,9,2,SPD,"Hagl-Kehl, Rita Andrea",,Rita Andrea,Hagl-Kehl,1970,1,3,6.0,227.0,1,1,2,'null',1,1,RitaHaglKehl,836553428042141697,1,1,Rita.Hagl.Kehl,932815056748552,1,1
1768,1769,9,7,CSU,"Hahn, Florian Peter",,Florian Peter,Hahn,1974,2,3,7.0,221.0,1,1,1,"39,1",1,1,hahnflo,403735368,1,1,florian.hahn.3766,291644800982357,1,1
1780,1781,2,2,SPD,"Hakverdi, Metin",,Metin,Hakverdi,1969,2,3,6.0,23.0,1,1,1,"39,3",1,1,MetinHakverdi,1043288618,2,1,MdB.Metin.Hakverdi,178872845468327,1,1
1823,1824,6,3,AfD,"Harder-Kühnel, Mariana Iris",,Mariana Iris,Harder-Kühnel,1974,1,3,1.0,175.0,1,1,2,'null',1,1,M_HarderKuehnel,815699423057637381,1,1,M.Harder.Kuehnel,319006178685355,1,1
1824,1825,5,1,CDU,"Hardt, Jürgen",,Jürgen,Hardt,1963,2,3,22.0,103.0,1,1,2,'null',1,1,juergenhardt,38467606,1,1,JuergenHardt,90203217294,1,1
1839,1840,14,4,FDP,"Hartewig, Philipp",,Philipp,Hartewig,1994,2,3,3.0,161.0,0,1,2,'null',0,1,philipphartewig,817772024697389059,1,1,philipphartewig,720838084733674,1,1
1857,1858,5,2,SPD,"Hartmann, Sebastian",,Sebastian,Hartmann,1977,2,3,3.0,97.0,1,1,2,'null',1,1,sebast_hartmann,1076269195,1,1,SebastianHartmannSPD,337368156374937,1,1
1868,1869,14,4,FDP,"Harzer, Ulrike",,Ulrike,Harzer,1968,1,3,4.0,164.0,0,1,2,'null',0,1,HarzerUlrike,1238937177003888646,2,1,UlrikeHarzerFDP,173134550946018,1,2
1872,1873,5,6,GRÜNE,"Haßelmann, Britta Maria",,Britta Maria,Haßelmann,1961,1,3,1.0,132.0,1,1,2,'null',1,1,BriHasselmann,1131092102,1,1,britta.hasselmann,230695653794643,1,1
1876,1877,5,1,CDU,"Hauer, Matthias",,Matthias,Hauer,1977,2,3,11.0,120.0,1,1,1,"30,7",1,1,MatthiasHauer,1158585210,1,1,matthiashauer.cdu,126360456507,1,1
1877,1878,5,3,AfD,"Haug, Jochen",,Jochen,Haug,1973,2,3,11.0,95.0,1,1,2,'null',1,1,Jochen_Haug,717077328669646849,1,1,JochenHaugAfD,110377990871598,1,2
1900,1901,6,1,CDU,"Heck, Dr. Stefan",Dr.,Stefan,Heck,1982,2,3,7.0,171.0,0,1,2,'null',0,1,StHeck,2976064481,2,1,Dr.Stefan.Heck,1442170879331980,1,1
1908,1909,5,2,SPD,"Heidenblut, Dirk",,Dirk,Heidenblut,1961,2,3,65.0,119.0,1,1,1,"37,8",1,1,DHeidenblut,1083371289786634240,1,1,DirkHeidenblutMdB,430759423677288,1,1
1914,1915,6,4,FDP,"Heidt, Peter",,Peter,Heidt,1965,2,3,7.0,177.0,1,1,2,'null',1,1,PeterHeidtFDP,1858621434,2,1,peter.heidt.75,100000534777773,3,2
1922,1923,7,1,CDU,"Heil, Mechthild",,Mechthild,Heil,1961,1,3,5.0,198.0,1,1,1,"34,3",1,1,MechthildHeil,974367631,1,1,MechthildHeil,216347025147950,1,1
1923,1924,3,2,SPD,"Heil, Wolfgang-Hubertus",,Wolfgang-Hubertus,Heil,1972,2,3,1.0,45.0,1,1,1,"43,7",1,1,hubertus_heil,15943222,1,1,mdb.hubertusheil,63215533503,1,1
1924,1925,3,2,SPD,"Heiligenstadt, Frauke",,Frauke,Heiligenstadt,1966,1,3,10.0,52.0,0,1,1,"36,7",0,1,FHeiligenstadt,20715527,1,1,FraukeHeiligenstadtSPD,115232612517030,1,1
1925,1926,11,1,CDU,"Heilmann, Thomas",,Thomas,Heilmann,1964,2,3,4.0,79.0,1,1,1,28,1,1,ThomasHeilmann,56806603,1,1,thomasheilmannoffiziell,1014057301965054,1,1
1941,1942,9,2,SPD,"Heinrich, Gabriela",,Gabriela,Heinrich,1963,1,3,8.0,244.0,1,1,2,'null',0,1,GaHeinrich,296121556,2,1,heinrichgabriela,133430763472093,1,1
1954,1955,2,6,GRÜNE,"Heitmann, Linda",,Linda,Heitmann,1982,1,3,5.0,19.0,0,1,1,"29,6",0,1,linda_lobster,796076739642490880,1,1,linda.heitmann1,609236181,3,2
1957,1958,5,3,AfD,"Helferich, Matthias",,Matthias,Helferich,1988,2,3,7.0,143.0,0,1,2,'null',0,1,Helferich_AfD,872422743597346825,2,1,helferich.afd,1385543268201303,1,1
1966,1967,5,4,FDP,"Helling-Plahr, Katrin",,Katrin,Helling-Plahr,1986,1,3,15.0,138.0,1,1,2,'null',1,1,KatrinHelling,21267421,1,1,KatrinHellingPlahr,101422408233,1,1
1968,1969,5,2,SPD,"Hellmich, Wolfgang",,Wolfgang,Hellmich,1958,2,3,21.0,146.0,1,1,2,'null',1,1,HellmichMdB,786498202832822272,1,1,WolfgangHellmichSPD,226774424126627,1,1
1988,1989,5,6,GRÜNE,"Henneberger, Kathrin",,Kathrin,Henneberger,1987,1,3,20.0,109.0,0,1,2,'null',0,1,KathrinAnna,17152502,2,1,KathrinAnnaHenneberger,111749587397683,1,1
1989,1990,3,2,SPD,"Hennig, Anke",,Anke,Hennig,1964,1,3,18.0,38.0,0,1,2,'null',0,1,AnkeHennigSPD,1283381888372047872,2,1,anke.hennig64,100000075707248,3,2
1992,1993,16,5,DIE LINKE,"Hennig-Wellsow, Susanne Marianne",,Susanne Marianne,Hennig-Wellsow,1977,1,3,1.0,193.0,0,1,2,'null',0,1,SusanneHennig,60619687,1,1,susanne.hennig,1451041061,3,2
1995,1996,8,1,CDU,"Hennrich, Michael",,Michael,Hennrich,1965,2,2,,262.0,1,1,1,"30,1",1,1,MichaelHennric2,1132260527378489345,2,1,HennrichMdB,1210174475726685,1,1
1996,1997,5,1,CDU,"Henrichmann, Marc",,Marc,Henrichmann,1976,2,2,,127.0,1,1,1,"40,9",1,1,MarcHenrichmann,44608858,1,1,m.henrichmann,194705457238325,1,1
2011,2012,5,4,FDP,"Herbrand, Markus",,Markus,Herbrand,1971,2,3,12.0,92.0,1,1,2,'null',1,1,HerbrandMarkus,997138767763750912,1,1,HerbrandMdB,635651679840567,1,1
2014,2015,14,4,FDP,"Herbst, Torsten",,Torsten,Herbst,1973,2,3,1.0,159.0,1,1,2,'null',1,1,torstenherbst,17561226,1,1,torsten.herbst,42099597765,1,1
2028,2029,14,6,GRÜNE,"Herrmann, Bernhard",,Bernhard,Herrmann,1966,2,3,2.0,163.0,0,1,2,'null',0,1,BHerrmann_,1372871859025408002,2,1,Bernhard.Herrmann.BTW21,103816481985629,1,2
2041,2042,5,2,SPD,"Heselhaus, Nadine",,Nadine,Heselhaus,1978,1,3,10.0,126.0,0,1,2,'null',0,1,NHeselhaus,1335619744909627394,2,1,nadine.heselhaus,635670110164497,1,1
2045,2046,8,3,AfD,"Hess, Martin Alexander",,Martin Alexander,Hess,1971,2,3,2.0,265.0,1,1,2,'null',1,1,Martin_Hess_AfD,872663038805016576,1,1,Martin.Hess.AfD,1299558906757745,1,2
2049,2050,9,4,FDP,"Hessel, Katja",,Katja,Hessel,1972,1,3,2.0,244.0,1,1,2,'null',1,1,fdp_hessel,107806591,1,1,HesselKatja,589834311205649,1,1
2063,2064,9,7,CSU,"Hierl, Susanne",,Susanne,Hierl,1973,1,3,20.0,232.0,0,1,1,"40,3",0,1,HierlSusanne,1352742562260529154,2,1,susanne.hierl.9,100000511699323,3,2
2077,2078,14,3,AfD,"Hilse, Karsten",,Karsten,Hilse,1964,2,3,4.0,156.0,1,1,1,"33,4",1,1,HilseMdb,920932259347214338,2,1,Karsten.Hilse.Politiker,358099231236311,1,1
2091,2092,16,1,CDU,"Hirte, Christian",,Christian,Hirte,1976,2,3,1.0,190.0,1,1,2,'null',1,1,ChristianHirte,37642893,1,1,ChristianHirteMdB,542605582431001,1,1
2094,2095,7,2,SPD,"Hitschler, Thomas",,Thomas,Hitschler,1982,2,3,1.0,211.0,1,1,1,"28,2",1,1,ThomasHitschler,292151515,1,1,thomashitschler,228669933928090,1,1
2100,2101,7,3,AfD,"Höchst, Nicole",,Nicole,Höchst,1970,1,3,2.0,201.0,1,1,2,'null',1,1,Nicole_Hoechst,3105025175,2,1,Nicole-H%C3%B6chst-200054723727357,200054723727357,1,1
2105,2106,3,4,FDP,"Hocker, Dr. Gero Clemens",Dr.,Gero Clemens,Hocker,1975,2,3,6.0,34.0,1,1,2,'null',1,1,GeroHocker,966707365893558273,2,1,hockergero,994288540670647,1,1
2112,2113,7,4,FDP,"Höferlin, Manuel",,Manuel,Höferlin,1973,2,3,5.0,206.0,1,1,2,'null',1,1,ManuelHoeferlin,17483463,1,1,Hoeferlin,186627140975,1,1
2115,2116,9,7,CSU,"Hoffmann, Alexander",,Alexander,Hoffmann,1975,2,2,,249.0,1,1,1,"38,6",1,1,Hoffmann_MdB,1193816843519172608,2,1,alexander.hoffmann.3386,100000663416537,3,2
2118,2119,6,6,GRÜNE,"Hoffmann, Dr. Bettina Martha Lieselotte",Dr.,Bettina Martha Lieselotte,Hoffmann,1960,1,3,1.0,170.0,1,1,2,'null',1,1,bhoffmann_mdb,971040144420720641,1,1,bettina.hoffmannmdb,102012175251503,1,1
2119,2120,8,4,FDP,"Hoffmann, Dr. Christoph",Dr.,Christoph,Hoffmann,1957,2,3,9.0,282.0,1,1,2,'null',1,1,HoffmannForest,1085494381405237251,1,1,dr.christoph.hoffmann.fdp,1165246086869493,1,1
2143,2144,9,6,GRÜNE,"Hofreiter, Dr. Anton Gerhard",Dr.,Anton Gerhard,Hofreiter,1970,2,3,2.0,221.0,1,1,2,'null',1,1,ToniHofreiter,442678902,1,1,anton.hofreiter,598216760241817,1,1
2165,2166,13,3,AfD,"Holm, Leif-Erik",,Leif-Erik,Holm,1970,2,3,1.0,15.0,1,1,2,'null',1,1,Leif_Erik_Holm,739531034761498624,1,1,leiferikholm2,1106238392760356,1,1
2176,2177,1,6,GRÜNE,"Hönel, Bruno",,Bruno,Hönel,1996,2,3,6.0,11.0,0,1,2,'null',0,1,Bruno_Hoenel,859112360228917249,1,1,BrunoHoenel.Gruene,293583127818452,1,2
2183,2184,2,1,CDU,"Hoppermann, Franziska Christina Brigitte",,Franziska Christina Brigitte,Hoppermann,1982,1,3,2.0,22.0,0,1,2,'null',0,1,FHoppermann,883059801747587073,1,1,f.hoppermann,1517688175031426,1,1
2201,2202,8,2,SPD,"Hostert, Jasmina",,Jasmina,Hostert,1982,1,3,9.0,260.0,0,1,2,'null',0,1,JasminaHostert,817937942,1,1,jasmina.hostert,1162955093739508,1,1
2204,2205,5,4,FDP,"Houben, Reinhard Arnold",,Reinhard Arnold,Houben,1960,2,3,8.0,93.0,1,1,2,'null',1,1,HoubenReinhard,825069798140833794,1,1,ReinhardKoeln,271692326585068,1,1
2214,2215,9,3,AfD,"Huber, Johannes Josef",,Johannes Josef,Huber,1987,2,3,6.0,214.0,1,1,2,'null',1,1,HuberMdB,925286741921189888,2,1,Johannes.Huber.AfD,1345340318840587,1,1
2219,2220,7,2,SPD,"Hubertz, Verena Ute",,Verena Ute,Hubertz,1987,1,3,6.0,203.0,0,1,1,33,0,1,verenahubertz,3591923477,1,1,verenahubertz.spd,105233098230457,1,1
2237,2238,9,2,SPD,"Hümpfer, Markus Klaus",,Markus Klaus,Hümpfer,1992,2,3,21.0,250.0,0,1,2,'null',0,1,HumpferMarkus,709129502870409217,2,1,markushuempfer,176212056159223,1,1
2245,2246,5,5,DIE LINKE,"Hunko, Andrej Konstantin",,Andrej Konstantin,Hunko,1963,2,3,4.0,87.0,1,1,2,'null',1,1,AndrejHunko,87281380,1,1,andrej.hunko,704862432868718,1,1
2268,2269,5,4,FDP,"in der Beek, Olaf Karl Wilhelm",,Olaf Karl Wilhelm,in der Beek,1967,2,3,17.0,140.0,1,1,2,'null',1,1,olafinderbeek,913327957602693121,1,1,olafinderbeek,135185067122584,1,1
2284,2285,5,3,AfD,"Jacobi, Fabian",,Fabian,Jacobi,1973,2,3,3.0,93.0,1,1,2,'null',1,1,Jacobi_AfD,944181149424898048,2,1,Jacobi.AfD,383774081995085,1,2
2319,2320,9,6,GRÜNE,"Janecek, Dieter Gerald",,Dieter Gerald,Janecek,1976,2,3,4.0,220.0,1,1,2,'null',1,1,DJanecek,52024480,1,1,DieterJanecekBundestag,1413144042061112,1,1
2331,2332,3,1,CDU,"Janssen, Anne",,Anne,Janssen,1982,1,3,6.0,26.0,0,1,2,'null',0,1,cdu_anne,1347502987200131073,2,1,annejanssen2021,101642368559714,1,2
2335,2336,5,1,CDU,"Jarzombek, Thomas",,Thomas,Jarzombek,1973,2,3,12.0,106.0,1,1,1,"31,1",1,1,tj_tweets,37105136,1,1,thjarzombek,369544409818448,1,1
2349,2350,1,4,FDP,"Jensen-Bornhöft, Gyde",,Gyde,Jensen-Bornhöft,1989,1,3,2.0,2.0,1,1,2,'null',1,1,GydeJ,1530171613,1,1,JensenGyde,147856952517048,1,1
2373,2374,8,3,AfD,"Jongen, Dr. Marc Stephan",Dr.,Marc Stephan,Jongen,1968,2,3,5.0,266.0,1,1,2,'null',1,1,Marc_Jongen,4121053541,1,1,Dr.MarcJongen,824813950905349,1,1
2386,2387,8,4,FDP,"Jung, Dr. Christian",Dr.,Christian,Jung,1977,2,1,10.0,,0,1,2,'null',0,1,c_jung77,740178046649565184,1,1,christianjungfdp,1120084394716274,1,1
2387,2388,6,1,CDU,"Jung, Ingmar Ludwig",,Ingmar Ludwig,Jung,1978,2,3,12.0,179.0,1,1,1,"26,3",1,1,Ingmar_Jung,23296367,1,1,ingmar.jung.3,549326359,2,1
2390,2391,13,2,SPD,"Junge, Frank Michael",,Frank Michael,Junge,1967,2,3,1.0,13.0,1,1,1,"35,2",1,1,jungeinberlin,77928749,2,1,frankjunge,720595767983984,1,1
2396,2397,8,2,SPD,"Juratovic, Josip",,Josip,Juratovic,1959,2,3,18.0,267.0,1,1,2,'null',1,1,josip_juratovic,738731811380076544,1,1,josipjuratovic,53732354560,1,1
2398,2399,8,4,FDP,"Jurisch, Dr. Ann-Veruschka",Dr.,Ann-Veruschka,Jurisch,1972,1,3,14.0,287.0,0,1,2,'null',0,1,avjurisch,1377177846158778373,2,1,avjurisch,115710743642051,1,1
2404,2405,5,2,SPD,"Kaczmarek, Oliver",,Oliver,Kaczmarek,1970,2,3,15.0,144.0,1,1,1,"40,8",1,1,KaczmarekOliver,231440493,1,1,OliverKaczmarekMdB,1560487410667957,1,2
2405,2406,5,6,GRÜNE,"Kaddor, Lamya",,Lamya,Kaddor,1978,1,3,12.0,115.0,0,1,2,'null',0,1,LamyaKaddor,1200442200,1,1,lamya.kaddor,100002518786779,2,1
2415,2416,16,2,SPD,"Kaiser, Elisabeth",,Elisabeth,Kaiser,1987,1,3,2.0,194.0,1,1,2,'null',1,1,Kaiser_SPD,1425035358,1,1,ElisabethKaiser194,1825871520988552,1,1
2448,2449,4,6,GRÜNE,"Kappert-Gonther, Dr. Kirsten",Dr.,Kirsten,Kappert-Gonther,1966,1,3,1.0,54.0,1,1,2,'null',1,1,KirstenKappert,955357684013953025,1,1,KappertGonther,234233933684975,1,1
2451,2452,8,2,SPD,"Karaahmetoǧlu, Macit",,Macit,Karaahmetoǧlu,1968,2,3,14.0,265.0,0,1,2,'null',0,1,Macit_SPD,574582030,2,1,macit.spd,197843980339458,1,1
2454,2455,5,1,CDU,"Karliczek, Anja Maria-Antonia",,Anja Maria-Antonia,Karliczek,1971,1,3,2.0,128.0,1,1,1,34,1,1,AnjaKarliczek,2521976694,1,1,anja.karliczek,327862874003443,1,1
2464,2465,14,2,SPD,"Kasper, Carlos",,Carlos,Kasper,1994,2,3,5.0,163.0,0,1,2,'null',0,1,CaKa_keinScheis,1213136273432440832,2,1,CarlosKasperSPD,105282218350724,1,1
2465,2466,13,2,SPD,"Kassautzki, Anna Katharina",,Anna Katharina,Kassautzki,1993,1,3,2.0,15.0,0,1,1,"24,3",0,1,annakassautzki,2776064484,1,1,annakassautzki,104583201395302,1,1
2471,2472,8,2,SPD,"Katzmarek, Gabriele",,Gabriele,Katzmarek,1960,1,3,11.0,273.0,1,1,2,'null',1,1,GabyKatzmarek,3017602065,1,1,GabrieleKatzmarek,315850548515268,1,1
2479,2480,8,3,AfD,"Kaufmann, Dr. Malte",Dr.,Malte,Kaufmann,1976,2,3,7.0,274.0,0,1,2,'null',0,1,MalteKaufmann,97530140,1,1,kaufmannmalte,1178633522235857,1,1
2481,2482,16,3,AfD,"Kaufmann, Prof. Dr.Michael Heinz",Prof. Dr.,Michael Heinz,Kaufmann,1964,2,3,3.0,195.0,0,1,1,"29,3",0,1,KaufmannAfD,1595763756,2,1,AfDKaufmann,212830898880956,1,1
2508,2509,5,2,SPD,"Keller, Rainer Johannes",,Rainer Johannes,Keller,1965,2,3,61.0,113.0,0,1,1,"34,2",0,1,RainerKellerWES,912780367937048578,2,1,rainer.keller.589,100002806322924,3,2
2511,2512,12,6,GRÜNE,"Kellner, Michael",,Michael,Kellner,1977,2,3,2.0,57.0,0,1,2,'null',0,1,MiKellner,2221112390,1,1,michael.kellner.524,337055499789559,1,1
2512,2513,8,1,CDU,"Kemmer, Ronja Helene",,Ronja Helene,Kemmer,1989,1,3,15.0,291.0,1,1,1,"32,7",1,1,RonjaKemmer,2405039875,1,1,ronja.kemmer,1569218743292563,1,1
2526,2527,15,2,SPD,"Kersten, Dr. Franziska",Dr.,Franziska,Kersten,1968,1,3,4.0,67.0,0,1,1,"26,2",0,1,kersten68,729399137272213505,2,1,franziska.kersten,1504538346505678,1,1
2534,2535,3,6,GRÜNE,"Keul, Katja",,Katja,Keul,1969,1,3,7.0,40.0,1,1,2,'null',1,1,KatjaKeul,959105406416162823,1,0,'null','null',0,0
2536,2537,5,3,AfD,"Keuter, Stefan",,Stefan,Keuter,1972,2,3,12.0,120.0,1,1,2,'null',1,1,StefanKeuterAfD,794628172570619904,2,1,Stefan.Keuter.AfD,127627877837359,3,2
2539,2540,7,6,GRÜNE,"Khan, Misbah",,Misbah,Khan,1989,1,1,5.0,,0,1,2,'null',0,1,Bina_Khan_,98756479,1,1,gruene.khan,349780828756016,1,1
2551,2552,8,1,CDU,"Kiesewetter, Roderich",,Roderich,Kiesewetter,1963,2,2,,270.0,1,1,1,37,1,1,RKiesewetter,42698498,1,1,roderich.kiesewetter,652126884801498,1,1
2553,2554,9,7,CSU,"Kießling, Michael",,Michael,Kießling,1973,2,2,,224.0,1,1,1,"38,2",1,1,Kiessling_MdB,730314294,1,1,MdB.Starnberg.Landsberg.Germering,377691905935080,1,2
2558,2559,3,6,GRÜNE,"Kindler, Sven-Christian",,Sven-Christian,Kindler,1985,2,3,2.0,42.0,1,1,2,'null',1,1,sven_kindler,17343047,1,1,svenkindlermdb,51181425698,1,1
2567,2568,14,5,DIE LINKE,"Kipping, Katja",,Katja,Kipping,1978,1,3,1.0,159.0,1,1,2,'null',1,1,katjakipping,28066013,1,1,KatjaKipping,214211071944227,1,1
2586,2587,11,2,SPD,"Kiziltepe, Cansel",,Cansel,Kiziltepe,1975,1,3,2.0,83.0,1,1,2,'null',1,1,CanselK,23248102,1,1,CanselKiziltepe,538735382836792,1,1
2601,2602,11,2,SPD,"Kleebank, Helmut",,Helmut,Kleebank,1964,2,2,,78.0,0,1,1,"32,8",0,1,helmut_kleebank,4185556127,2,1,helmut.kleebank,100001169848736,3,2
2608,2609,11,1,CDU,"Klein, Dr. Ottilie Paola",Dr.,Ottilie Paola,Klein,1984,1,3,3.0,75.0,0,1,2,'null',0,1,Ottilie_Klein,728577706489720832,2,1,ilovemitte,105304064860165,1,1
2610,2611,9,4,FDP,"Klein, Karsten",,Karsten,Klein,1977,2,3,3.0,247.0,1,1,2,'null',1,1,MdBKlein,995228494023086080,1,1,karsten.klein.stadtrat,120519827980254,1,1
2613,2614,5,1,CDU,"Klein, Volkmar",,Volkmar,Klein,1960,2,3,24.0,148.0,1,1,1,"33,6",1,1,VolkmarKlein,33043294,1,1,VolkmarKlein.de,72709330562,1,1
2616,2617,5,6,GRÜNE,"Klein-Schmeink, Maria Anna",,Maria Anna,Klein-Schmeink,1958,1,3,7.0,129.0,1,1,1,"32,3",1,1,MariaKlSchmeink,18103366,1,1,kleinschmeink,350332685155921,1,1
2617,2618,12,3,AfD,"Kleinwächter, Norbert",,Norbert,Kleinwächter,1986,2,1,4.0,,1,1,2,'null',1,1,NKleinwaechter,865920519668989955,2,1,norbert.kleinwaechter,346613215704870,1,1
2632,2633,3,2,SPD,"Klingbeil, Lars",,Lars,Klingbeil,1978,2,3,5.0,35.0,1,1,1,"47,6",1,1,larsklingbeil,16255941,1,1,klingbeil.lars,355456486093,1,1
2644,2645,7,1,CDU,"Klöckner, Julia",,Julia,Klöckner,1972,1,3,1.0,201.0,0,1,2,'null',0,1,JuliaKloeckner,29858729,1,1,juliakloeckner,298621020195483,1,1
2648,2649,11,2,SPD,"Klose, Annika Gisela",,Annika Gisela,Klose,1992,1,3,4.0,75.0,0,1,2,'null',0,1,AnniKlose,1460753227,2,1,AnnikaKlose.BerlinMitte,101426038525957,1,1
2652,2653,11,4,FDP,"Kluckert, Daniela Kathrin",,Daniela Kathrin,Kluckert,1980,1,3,2.0,76.0,1,1,2,'null',1,1,DanielaKluckert,28327765,1,1,kluckert.daniela,1736092590015714,1,1
2658,2659,1,2,SPD,"Klüssendorf, Tim",,Tim,Klüssendorf,1991,2,3,5.0,11.0,0,1,1,"34,4",0,1,timkluessendorf,19160769,1,1,tim.kluessendorf,107949401450491,1,1
2674,2675,3,1,CDU,"Knoerig, Axel",,Axel,Knoerig,1967,2,3,24.0,33.0,1,1,1,"33,8",1,1,axel_knoerig,928974816220254208,1,1,axel.knoerig,79647730686,1,1
2691,2692,8,4,FDP,"Kober, Pascal Felix Ernst",,Pascal Felix Ernst,Kober,1971,2,3,4.0,289.0,1,1,2,'null',1,1,PascalKober,19909974,2,1,PascalKoberFDP,1913903912210913,1,1
2711,2712,12,1,CDU,"Koeppen, Jens",,Jens,Koeppen,1962,2,3,1.0,57.0,1,1,2,'null',1,1,JensKoeppen,146376562,1,1,jens.koeppen,100002173148117,3,2
2713,2714,9,2,SPD,"Kofler, Dr. Bärbel",Dr.,Bärbel,Kofler,1967,1,3,2.0,225.0,1,1,2,'null',1,1,BaerbelKofler,193629792,1,1,Baerbel.Kofler,183976541729215,1,1
2720,2721,9,4,FDP,"Köhler, Dr. Lukas Otto",Dr.,Lukas Otto,Köhler,1986,2,3,4.0,220.0,1,1,2,'null',1,1,koehler_fdp,898597063444877313,1,1,lukaskoehler.fdp,928551830613355,1,1
2743,2744,13,3,AfD,"Komning, Enrico",,Enrico,Komning,1968,2,3,2.0,16.0,1,1,2,'null',1,1,EnricoKomning,781747720897892352,2,1,Enrico.Komning,770101233096479,1,1
2747,2748,5,1,CDU,"König, Anne",,Anne,König,1984,1,2,,126.0,0,1,1,"43,7",0,1,AnneKoenig_,4493363728,2,1,Anne-König-104479264881235,104479264881235,1,1
2752,2753,3,3,AfD,"König, Jörn Harald",,Jörn Harald,König,1967,2,3,5.0,41.0,1,1,2,'null',1,1,JoernKoenigAfD,960974630709284864,2,1,joernkoenig,181535349099426,1,2
2761,2762,7,4,FDP,"Konrad, Carina",,Carina,Konrad,1982,1,3,2.0,200.0,1,1,2,'null',1,1,carina_konrad,874304935906729986,1,1,carinakonrad.fdp,1768312143484401,1,1
2762,2763,6,1,CDU,"Koob, Markus Benjamin",,Markus Benjamin,Koob,1977,2,3,10.0,176.0,1,1,1,"31,3",1,1,KoobMar,2664174617,2,1,koobmarkus,317917298338162,1,1
2765,2766,8,6,GRÜNE,"Kopf, Chantal Johanna Siglinde",,Chantal Johanna Siglinde,Kopf,1995,1,3,14.0,281.0,0,1,1,"28,8",0,1,chantal_kopf,820001178943627266,1,1,ChantalKopfFreiburg,104440024870878,1,1
2776,2777,14,1,CDU,"Körber, Carsten",,Carsten,Körber,1979,2,3,5.0,165.0,1,1,2,'null',1,1,CarstenKoerber,1362372381814231041,1,1,koerber.carsten,464337703775204,1,1
2790,2791,15,5,DIE LINKE,"Korte, Jan",,Jan,Korte,1977,2,3,1.0,71.0,1,1,2,'null',1,1,jankortemdb,4164673821,1,1,jankortemdb,203933859649610,1,1
2795,2796,12,2,SPD,"Koß, Simona",,Simona,Koß,1961,1,3,8.0,59.0,0,1,1,"24,7",0,1,KossSimona,1359549652199170050,2,1,simonamkoss,100007276352300,3,2
2810,2811,12,3,AfD,"Kotré, Steffen",,Steffen,Kotré,1971,2,3,3.0,62.0,1,1,2,'null',1,1,SteffenKotre,912223443231428609,1,1,St.Kotre,1310772865717843,1,1
2823,2824,9,3,AfD,"Kraft, Dr. Rainer Detlef",Dr.,Rainer Detlef,Kraft,1974,2,3,8.0,253.0,1,1,2,'null',1,1,Dr_Rainer_Kraft,804064797977444352,2,1,dr.rainer.kraft,115152229053025,1,1
2825,2826,5,6,GRÜNE,"Kraft, Laura Manuela",,Laura Manuela,Kraft,1990,1,3,23.0,148.0,0,1,2,'null',0,1,laura_kraft_,1410671503679574016,1,1,Laura.Kraft.Gruene,113030887118871,1,2
2841,2842,6,6,GRÜNE,"Krämer, Philip",,Philip,Krämer,1992,2,3,6.0,187.0,0,1,2,'null',0,1,PhiKraemer,746767453951234048,1,1,kraemer.philip,213543232717173,1,1
2844,2845,9,2,SPD,"Kramme, Anette",,Anette,Kramme,1967,1,3,4.0,237.0,1,1,2,'null',1,1,AnetteKramme,1461705757,2,1,anette.kramme.bayreuth,886463838049032,1,1
2868,2869,3,2,SPD,"Kreiser, Dunja Eleonore Angelika",,Dunja Eleonore Angelika,Kreiser,1971,1,3,12.0,49.0,0,1,1,"38,6",0,1,d_kreiser,3392540248,0,1,dunja.kreiser,100003590470028,3,2
2880,2881,8,1,CDU,"Krichbaum, Gunther",,Gunther,Krichbaum,1964,2,2,,279.0,1,1,1,"28,5",1,1,GuntherKrichba3,1161098384020824069,2,1,krichbaum.bundestag,100057827450340,1,1
2888,2889,5,1,CDU,"Krings, Dr. Günter",Dr.,Günter,Krings,1969,2,3,7.0,109.0,1,1,1,"35,6",1,1,guenterkrings,392312829,1,1,gunter.krings.cdu,400578453368061,1,1
2890,2891,5,6,GRÜNE,"Krischer, Oliver",,Oliver,Krischer,1969,2,3,2.0,87.0,1,1,1,"30,2",1,1,Oliver_Krischer,88630242,1,1,okrischer,341816569252157,1,1
2892,2893,15,2,SPD,"Kröber, Martin",,Martin,Kröber,1992,2,3,3.0,69.0,0,1,1,"25,3",0,1,MartinKroeber,137036352,2,1,MartinKroeberMD,117934986793217,1,1
2927,2928,2,4,FDP,"Kruse, Michael",,Michael,Kruse,1983,2,1,1.0,,0,1,2,'null',0,1,krusehamburg,2823984824,1,1,michaelkrusefdphamburg,370127063176268,1,1
2933,2934,3,1,CDU,"Kuban, Tilman Moritz",,Tilman Moritz,Kuban,1987,2,3,7.0,47.0,0,1,2,'null',0,1,TKuban96,970038451,1,1,kuban.tilman,1661082517523622,1,1
2947,2948,3,4,FDP,"Kuhle, Konstantin Elias",,Konstantin Elias,Kuhle,1989,2,3,4.0,53.0,1,1,2,'null',1,1,KonstantinKuhle,475275997,1,1,kuhle.konstantin,621835661198523,1,1
2950,2951,8,6,GRÜNE,"Kühn, Christian",,Christian,Kühn,1979,2,3,4.0,290.0,1,1,2,'null',1,1,ChrisKuehn_mdb,1143130812,1,1,christian.kuehn.tuebingen,1055591575,1,2
2964,2965,11,2,SPD,"Kühnert, Kevin",,Kevin,Kühnert,1989,2,3,3.0,81.0,0,1,1,"27,1",0,1,KuehniKev,2764750474,1,1,KuehnertKevin,947558118729088,1,1
2972,2973,11,6,GRÜNE,"Künast, Renate Elly",,Renate Elly,Künast,1955,1,3,3.0,81.0,1,1,2,'null',1,1,RenateKuenast,1425265488,1,1,renate.kuenast,90022819050,1,1
2991,2992,5,6,GRÜNE,"Kurth, Markus",,Markus,Kurth,1966,2,3,22.0,142.0,1,1,2,'null',1,1,markuskurthmdb,150188536,1,1,mdb.markuskurth,100160987153482,1,1
3014,3015,5,2,SPD,"Lahrkamp, Sarah",,Sarah,Lahrkamp,1981,1,3,24.0,124.0,0,1,2,'null',0,1,SLahrkamp,1238059203526307842,2,1,sarahlahrkamp,100177145458129,1,1
3027,3028,8,6,GRÜNE,"Lang, Ricarda",,Ricarda,Lang,1994,1,3,10.0,269.0,0,1,2,'null',1,1,Ricarda_Lang,1405886484,1,1,RicardaLang1994,1271823943,2,1
3036,3037,9,7,CSU,"Lange, Ulrich",,Ulrich,Lange,1969,2,2,,254.0,1,1,1,"41,1",1,1,UlrichLange,68172699,2,1,mdb.ulrich.lange,108711250576241,1,1
3065,3066,5,1,CDU,"Laschet, Armin",,Armin,Laschet,1961,2,1,1.0,,0,1,2,'null',0,1,ArminLaschet,835541664,1,1,ArminLaschet,109478215738226,1,1
3075,3076,9,7,CSU,"Launert, Dr. Silke",Dr.,Silke,Launert,1976,1,3,16.0,237.0,1,1,1,"42,4",1,1,DrLaunert,4926993244,2,1,launert.silke,401006200007303,1,1
3076,3077,5,2,SPD,"Lauterbach, Dr. Karl Wilhelm",Dr.,Karl Wilhelm,Lauterbach,1963,2,3,23.0,101.0,1,1,1,"45,6",1,1,Karl_Lauterbach,3292982985,1,1,Karl.Lauterbach.spd,638247852865845,1,1
3082,3083,14,5,DIE LINKE,"Lay, Caren Nicole",,Caren Nicole,Lay,1972,1,3,3.0,156.0,1,1,2,'null',1,1,CarenLay,21404382,1,1,caren.lay,668729169812570,1,1
3086,3087,9,4,FDP,"Lechte, Ulrich",,Ulrich,Lechte,1977,2,3,8.0,233.0,1,1,2,'null',1,1,ulrichlechte,988765113606918144,1,1,lechte18,259242574566478,1,1
3098,3099,5,6,GRÜNE,"Lehmann, Sven",,Sven,Lehmann,1979,2,3,4.0,94.0,1,1,1,"34,6",1,1,svenlehmann,16706236,1,1,sven.lehmann.9250,1328779280,2,1
3099,3100,12,2,SPD,"Lehmann, Sylvia",,Sylvia,Lehmann,1954,1,3,4.0,62.0,1,1,1,"26,5",1,1,LehmannSpd,2320712427,2,1,Sylvia-Lehmann-1867495213504775,1867495213504775,1,1
3112,3113,6,1,CDU,"Leikert, Dr. Katja Isabel",Dr.,Katja Isabel,Leikert,1975,1,3,5.0,180.0,1,1,2,'null',1,1,KLeikert,467381196,1,1,leikertkatja,423800571019823,1,1
3117,3118,8,2,SPD,"Leiser, Kevin",,Kevin,Leiser,1993,2,3,20.0,268.0,0,1,2,'null',0,1,KLHohenlohe,1365771819861557251,1,1,KevinLeiserHohenlohe,101782688361096,1,1
3126,3127,15,6,GRÜNE,"Lemke, Steffi",,Steffi,Lemke,1968,1,3,1.0,70.0,1,1,2,'null',1,1,SteffiLemke,17229513,1,1,steffi.lemke.gruen,675262355856034,1,1
3136,3137,9,7,CSU,"Lenz, Dr. Andreas",Dr.,Andreas,Lenz,1981,2,2,,213.0,1,1,1,"42,3",1,1,DerLenzMdB,3635730797,1,1,andreas.lenz.bundestag,163923497121139,1,1
3157,3158,5,5,DIE LINKE,"Leye, Christian",,Christian,Leye,1981,2,3,6.0,116.0,0,1,2,'null',0,1,christian_leye,826683982519611393,2,1,Leye.Christian,983545195099994,1,1
3164,3165,5,2,SPD,"Licina-Bode, Luiza",,Luiza,Licina-Bode,1972,1,3,32.0,148.0,0,1,2,'null',0,1,BodeLuiza,1398240466395611142,2,1,luiza.licinabode,100006048755957,3,2
3167,3168,6,4,FDP,"Lieb, Dr. Thorsten Willibald",Dr.,Thorsten Willibald,Lieb,1973,2,3,2.0,183.0,0,1,2,'null',0,1,ThorstenLieb,2411398358,2,1,thliebEU,749396432090053,1,1
3183,3184,10,2,SPD,"Limbacher, Esra-Leon Ruben",,Esra-Leon Ruben,Limbacher,1989,2,3,5.0,299.0,0,1,1,"36,6",0,1,EsraLimbacher,19139341,1,1,esralimbacher,348979855478911,1,1
3185,3186,3,6,GRÜNE,"Limburg, Helge Stefan",,Helge Stefan,Limburg,1982,2,3,8.0,46.0,0,1,2,'null',0,1,Helge_Limburg,63687144,2,1,helge.limburg,100000147587346,3,2
3192,3193,11,4,FDP,"Lindemann, Lars",,Lars,Lindemann,1971,2,3,3.0,81.0,0,1,2,'null',0,1,LFLindemann,96146500,1,1,238786850947,238786850947,3,2
3195,3196,5,2,SPD,"Lindh, Helge Frederik",,Helge Frederik,Lindh,1976,2,3,27.0,102.0,1,1,1,"37,3",1,1,helgelindh,454981027,1,1,helgelindh,339094399790397,1,1
3196,3197,9,7,CSU,"Lindholz, Andrea",,Andrea,Lindholz,1970,1,3,6.0,247.0,1,1,1,"40,7",1,1,AndreaLindholz,1446031532,1,1,andrea.lindholz,409561472408666,1,1
3198,3199,5,4,FDP,"Lindner, Christian Wolfgang",,Christian Wolfgang,Lindner,1979,2,3,1.0,100.0,1,1,2,'null',1,1,c_lindner,122104353,1,1,lindner.christian,143504445664134,1,1
3199,3200,7,6,GRÜNE,"Lindner, Dr. Tobias",Dr.,Tobias,Lindner,1982,2,3,2.0,211.0,1,1,2,'null',1,1,tobiaslindner,21197524,1,1,lindnermdb,278875132141051,1,1
3210,3211,8,4,FDP,"Link, Michael Georg",,Michael Georg,Link,1963,2,3,3.0,267.0,1,1,2,'null',1,1,michael_g_link,3034092143,1,0,'null','null',0,0
3249,3250,1,6,GRÜNE,"Loop, Denise",,Denise,Loop,1994,1,3,5.0,2.0,0,1,2,'null',0,1,denise_loop,797403769378131968,1,1,denise.loop,100000493564714,1,2
3275,3276,11,5,DIE LINKE,"Lötzsch, Dr. Gesine",Dr.,Gesine,Lötzsch,1961,1,3,3.0,86.0,1,1,1,"25,8",1,1,LoetzschMdB,24178198,1,1,gesine.loetzsch,77067914982,1,1
3285,3286,5,3,AfD,"Lucassen, Hans-Rüdiger",,Hans-Rüdiger,Lucassen,1951,2,3,1.0,92.0,1,1,2,'null',1,1,MdB_Lucassen,4875914470,2,1,ruedigerlucassenmdb,1237818033002038,1,1
3289,3290,5,6,GRÜNE,"Lucks, Max",,Max,Lucks,1997,2,3,14.0,140.0,0,1,2,'null',0,1,max_lucks,481428317,1,1,max.lucks,100001439432611,3,2
3290,3291,11,1,CDU,"Luczak, Dr. Jan-Marco",Dr.,Jan-Marco,Luczak,1975,2,3,2.0,81.0,1,1,2,'null',1,1,JM_Luczak,22908417,1,1,JanMarcoLuczakMdB,942949079130982,1,1
3297,3298,9,7,CSU,"Ludwig, Daniela",,Daniela,Ludwig,1975,1,3,4.0,222.0,1,1,1,"36,1",1,1,DaniLudwigMdB,1019846605044936705,1,1,daniela.ludwig.bundestag,351364005000140,1,1
3303,3304,5,2,SPD,"Lugk, Bettina",,Bettina,Lugk,1982,1,3,14.0,150.0,0,1,2,'null',0,1,BettinaLugk,1193991990196785157,1,1,lugkbettina,2273230596106991,1,1
3305,3306,6,6,GRÜNE,"Lührmann, Anna Kristina",,Anna Kristina,Lührmann,1983,1,3,5.0,178.0,0,1,2,'null',0,1,AnnaLuehrmann,1179715307440619522,1,1,ALuehrmann,100532052212970,1,1
3306,3307,10,4,FDP,"Luksic, Oliver",,Oliver,Luksic,1979,2,3,1.0,298.0,1,1,2,'null',1,1,OlliLuksic,21144568,1,1,OlliLuksic,52888328642,1,1
3314,3315,9,4,FDP,"Lütke, Kristine",,Kristine,Lütke,1982,1,3,12.0,246.0,0,1,2,'null',0,1,kristine_lutke,875431735256920065,1,1,KristineLutkeFDP,115669579800284,1,2
3320,3321,10,5,DIE LINKE,"Lutze, Thomas",,Thomas,Lutze,1969,2,1,1.0,,1,1,2,'null',1,1,thlutze,3667108397,2,1,thlutze,788750901189654,1,1
3325,3326,10,2,SPD,"Maas, Heiko Josef",,Heiko Josef,Maas,1966,2,3,1.0,297.0,1,1,1,"36,7",1,1,HeikoMaas,24158261,1,1,heiko.maas.98,1431909580371764,1,1
3331,3332,7,2,SPD,"Machalet, Dr. Tanja",Dr.,Tanja,Machalet,1974,1,3,2.0,204.0,0,1,1,"31,5",0,1,TMachalet,23340320,2,1,tanja.machalet.spd,131765320380,1,1
3339,3340,7,2,SPD,"Mackensen-Geis, Isabel Larissa",,Isabel Larissa,Mackensen-Geis,1986,1,3,4.0,208.0,1,1,2,'null',1,1,IsabelMackensen,2322165327,2,1,IMackensen,219589951790034,1,1
3345,3346,14,1,CDU,"Magwas, Yvonne",,Yvonne,Magwas,1979,1,3,4.0,166.0,1,1,1,"27,7",1,1,YvonneMagwas,3852561082,1,1,YvonneMagwasVogtland,185551978642060,1,1
3382,3383,14,2,SPD,"Mann, Holger",,Holger,Mann,1979,2,3,1.0,152.0,0,1,2,'null',0,1,HolgerMannLE,615488350,2,1,Mann.Holger.SPD,838580572852292,1,1
3390,3391,6,4,FDP,"Mansmann, Till Berthold",,Till Berthold,Mansmann,1968,2,3,3.0,188.0,1,1,2,'null',1,1,TillMansmann,954049866283483136,1,1,tillmansmannfdp,647898078564416,1,1
3391,3392,6,2,SPD,"Mansoori, Kaweh",,Kaweh,Mansoori,1988,2,3,3.0,183.0,0,1,2,'null',0,1,El_KaWeh_,2149926365,2,1,kaweh.mansoori,100001365387476,3,2
3415,3416,5,2,SPD,"Martens, Zanda",,Zanda,Martens,1984,1,3,28.0,106.0,0,1,2,'null',0,1,ZandaMartens,1383821163151851532,1,1,Zanda.Martens,103784008040021,1,1
3417,3418,2,2,SPD,"Martin, Dorothee Katja Julia",,Dorothee Katja Julia,Martin,1978,1,3,3.0,21.0,1,1,1,"30,7",1,1,Doro_Martin,241008237,1,1,dorothee.spd,169373009772164,1,1
3427,3428,8,2,SPD,"Marvi, Parsa",,Parsa,Marvi,1982,2,3,12.0,271.0,0,1,2,'null',0,1,ParsaMarvi,973597518,1,1,Parsa.Marvi.SPD,87909931261312,1,1
3433,3434,14,2,SPD,"Mascheck, Franziska",,Franziska,Mascheck,1979,1,3,8.0,154.0,0,1,2,'null',0,1,f_mascheck,744152788746248192,2,1,franziskamascheck,2240553316270678,1,1
3437,3438,8,2,SPD,"Mast, Katja Wilma",,Katja Wilma,Mast,1971,1,3,5.0,279.0,1,1,2,'null',1,1,KatjaMast,937678874095300609,1,1,katja.mast.politik,499836743410538,1,1
3445,3446,3,1,CDU,"Mattfeldt, Andreas",,Andreas,Mattfeldt,1969,2,3,21.0,34.0,1,1,1,"33,7",1,1,AMattfeldt,23447001,2,1,AndreasMattfeldtMdB,143788619738059,1,1
3467,3468,8,6,GRÜNE,"Mayer, Zoe",,Zoe,Mayer,1995,1,3,12.0,271.0,0,1,1,30,0,1,zoe_gruene,1248662696318418950,2,1,zoe.gruene,108723377639095,2,1
3468,3469,8,1,CDU,"Mayer-Lay, Volker",,Volker,Mayer-Lay,1981,2,2,,293.0,0,1,1,"30,4",0,1,VMayer_Lay,1290361590429229056,2,1,VolkerMayerLayCDU,105133104608651,1,1
3483,3484,9,2,SPD,"Mehltretter, Andreas",,Andreas,Mehltretter,1991,2,3,15.0,214.0,0,1,2,'null',0,1,Mehli,15820788,1,1,andreasmehltretterSPD,1691444984516950,1,1
3484,3485,8,2,SPD,"Mehmet Ali, Takis",,Takis,Mehmet Ali,1991,2,3,22.0,282.0,0,1,2,'null',0,1,TakisMehmetAli1,1413536612068245507,2,1,Takis-Mehmet-Ali-100377718535195,100377718535195,1,1
3502,3503,11,5,DIE LINKE,"Meiser, Pascal",,Pascal,Meiser,1975,2,3,2.0,83.0,1,1,2,'null',1,1,pascalmeiser,314534724,1,1,pascalmeiser361,1181444335296054,1,1
3505,3506,6,1,CDU,"Meister, Dr. Michael Günther",Dr.,Michael Günther,Meister,1961,2,3,3.0,188.0,1,1,1,"30,5",1,1,meister_schafft,34214048,1,1,Dr.Michael.Meister,168727169874009,1,1
3522,3523,3,4,FDP,"Merten, Anikó",,Anikó,Merten,1982,1,3,8.0,50.0,0,1,2,'null',0,1,AnikoMerten,2490321900,2,1,aniko.merten,100000630283595,3,2
3524,3525,5,1,CDU,"Merz, Joachim-Friedrich Martin Josef",,Joachim-Friedrich Martin Josef,Merz,1955,2,2,,147.0,0,1,1,"40,4",0,1,_FriedrichMerz,1059395748289232896,1,1,MerzCDU,351110122328707,1,1
3525,3526,8,2,SPD,"Mesarosch, Robin",,Robin,Mesarosch,1991,2,3,16.0,295.0,0,1,2,'null',0,1,mesarosch,208413193,1,1,RobinMesaroschSPD,360048660677408,1,1
3532,3533,7,1,CDU,"Metzler, Jan",,Jan,Metzler,1981,2,3,6.0,206.0,1,1,1,"32,2",1,1,JanMetzler,995653004,1,1,unserJanMetzler,382418695453810,1,1
3541,3542,11,4,FDP,"Meyer, Christoph Werner",,Christoph Werner,Meyer,1975,2,3,1.0,80.0,1,1,2,'null',1,1,Meyer_FDP,861992050358616064,1,1,christoph.meyer.berlin,162825633790607,1,1
3564,3565,9,3,AfD,"Miazga, Corinna",,Corinna,Miazga,1983,1,3,2.0,231.0,1,1,2,'null',1,1,CorinnaMiazga,868762469115846657,2,1,CorinnaMiazgaMdB,1720472504912063,1,2
3567,3568,3,6,GRÜNE,"Michaelsen, Swantje Henrike",,Swantje Henrike,Michaelsen,1979,1,3,11.0,41.0,0,1,2,'null',0,1,SwantjeMichael1,1086178318230188033,1,1,swantje.michaelsen,100000024713852,3,2
3572,3573,14,2,SPD,"Michel, Susanne Kathrin",,Susanne Kathrin,Michel,1963,1,3,2.0,156.0,0,1,2,'null',0,1,Kthrn_Mchl_SPD,1166055765402144771,1,1,KathrinMichelSPD,100486298920315,1,2
3581,3582,5,6,GRÜNE,"Mihalic, Dr. Irene",Dr.,Irene,Mihalic,1976,1,3,3.0,123.0,1,1,2,'null',1,1,IreneMihalic,143000381,1,1,Irene Mihalic,196359297238038,1,1
3582,3583,6,6,GRÜNE,"Mijatović, Boris",,Boris,Mijatović,1974,2,3,8.0,168.0,0,1,2,'null',0,1,borismijatovic,718050209163509760,1,1,BorisfuerBerlin,667357703437091,1,2
3606,3607,3,5,DIE LINKE,"Mohamed Ali, Amira",,Amira,Mohamed Ali,1980,1,3,1.0,27.0,1,1,2,'null',1,1,Amira_M_Ali,934029228886065152,1,1,amira.dielinke,1533185586760485,1,1
3610,3611,1,5,DIE LINKE,"Möhring, Cornelia",,Cornelia,Möhring,1960,1,3,1.0,7.0,1,1,2,'null',1,1,Conni_Moehring,2596171296,1,1,CorneliaMoehring,229017740475871,1,1
3612,3613,3,2,SPD,"Mohrs, Falko",,Falko,Mohrs,1984,2,3,19.0,51.0,1,1,1,"42,1",1,1,FalkoMohrs,79228932,1,1,FMohrs,1471721149560126,1,1
3619,3620,5,2,SPD,"Moll, Claudia",,Claudia,Moll,1968,1,3,8.0,88.0,1,1,1,"34,5",1,1,ClaudiaMollMdB,1070312229139025920,1,1,ClaudiaMollSPD,872845746151301,3,2
3628,3629,3,2,SPD,"Möller, Siemtje Victoria Regine Ilse Santjer",,Siemtje Victoria Regine Ilse Santjer,Möller,1983,1,3,6.0,26.0,1,1,1,"45,4",1,1,SiemtjeMdB,1115940238801743872,1,1,siemtjemoeller,1831908787045024,1,1
3633,3634,14,3,AfD,"Moncsek, Mike",,Mike,Moncsek,1964,2,3,14.0,163.0,0,1,1,"28,9",0,1,Mike_Moncsek,1104304242754494465,2,1,mikemoncsek.de,724868617881766,1,1
3636,3637,13,1,CDU,"Monstadt, Dietrich",,Dietrich,Monstadt,1957,2,3,2.0,12.0,1,1,2,'null',1,1,MdBMonstadt,1180102389275205632,2,1,dietrichmonstadt,1019710724716909,1,1
3639,3640,14,3,AfD,"Moosdorf, Matthias",,Matthias,Moosdorf,1965,2,2,,165.0,0,1,1,"25,6",0,1,MMoosdorf,50578509,2,1,matth.moosdorf,105237008197753,1,2
3641,3642,1,4,FDP,"Mordhorst, Maximilian",,Maximilian,Mordhorst,1996,2,3,4.0,5.0,0,1,2,'null',0,1,maxmordhorst,2174533082,1,1,maximilian.mordhorst,100001696894638,3,2
3651,3652,8,1,CDU,"Mörseburg, Maximilian Rick",,Maximilian Rick,Mörseburg,1992,2,2,,259.0,0,1,1,"25,9",0,1,maxmoerseburg,270435074,2,1,maxmoerseburg,2364772793592996,1,1
3677,3678,6,4,FDP,"Müller, Alexander",,Alexander,Müller,1969,2,3,4.0,178.0,1,1,2,'null',1,1,alexmuellerfdp,936235058792484864,1,1,alexmuellerfdp,228197331016786,1,1
3686,3687,6,2,SPD,"Müller, Bettina",,Bettina,Müller,1959,1,3,4.0,175.0,1,1,1,"30,5",1,1,BetMueller,2443895924,1,1,BettinaMuellerSPD,306664909442738,1,1
3687,3688,3,1,CDU,"Müller, Carsten",,Carsten,Müller,1970,2,3,8.0,50.0,1,1,2,'null',1,1,MdbMuller,1322811129635213313,2,1,carsten.muller.125,100005495169208,3,2
3688,3689,13,6,GRÜNE,"Müller, Claudia Heike",,Claudia Heike,Müller,1981,1,3,1.0,15.0,1,1,2,'null',1,1,GruenClaudia,937403112,1,1,gruenclaudia,100003555598083,2,1
3689,3690,14,2,SPD,"Müller, Detlef",,Detlef,Müller,1964,2,3,3.0,162.0,1,1,1,"25,1",1,1,MuellerChemnitz,784760007275515904,1,1,detlefmuellerchemnitz,395199440836135,3,2
3694,3695,5,1,CDU,"Müller, Florian Matthias",,Florian Matthias,Müller,1987,2,2,,149.0,0,1,1,"37,1",0,1,FlorianMM,45370052,2,1,FlorianMuellerCDU,114018304113787,1,1
3717,3718,9,6,GRÜNE,"Müller, Sascha",,Sascha,Müller,1970,2,3,6.0,245.0,0,1,2,'null',0,1,SaschaMuller,52793798,1,1,SaschaMuellerWK245,100648738917044,1,2
3718,3719,15,1,CDU,"Müller, Sepp",,Sepp,Müller,1989,2,3,5.0,70.0,1,1,1,"34,3",1,1,mueller_sepp,801803127762669568,1,1,SeppMuellerMdB,152650658523697,1,1
3720,3721,9,7,CSU,"Müller, Stefan",,Stefan,Müller,1975,2,3,9.0,242.0,1,1,1,"35,2",1,1,smuellermdb,17960911,1,1,smuellermdb,1501825416754537,1,1
3727,3728,8,6,GRÜNE,"Müller-Gemmeke, Beate",,Beate,Müller-Gemmeke,1960,1,3,6.0,289.0,1,1,2,'null',1,1,GrueneBeate,53426644,1,1,gruenebeate,1432479903663310,1,1
3729,3730,14,4,FDP,"Müller-Rosentritt, Frank",,Frank,Müller-Rosentritt,1982,2,3,2.0,162.0,1,1,2,'null',1,1,theliberalfrank,984048002967982080,1,1,Stolzer.Chemnitzer,638812666304504,1,1
3738,3739,5,2,SPD,"Müntefering, Michelle-Jasmin Gabriele",,Michelle-Jasmin Gabriele,Müntefering,1980,1,3,36.0,141.0,1,1,1,"43,5",1,1,Mi_Muentefering,947740210036641793,1,1,michelle.muentefering,439265522793389,1,1
3742,3743,7,3,AfD,"Münzenmaier, Sebastian",,Sebastian,Münzenmaier,1989,2,3,1.0,205.0,1,1,2,'null',1,1,S_Muenzenmaier,863657874941255684,2,1,sebastian.muenzenmaier,1769949476598582,1,2
3757,3758,5,6,GRÜNE,"Nanni, Sara",,Sara,Nanni,1987,1,3,17.0,107.0,0,1,2,'null',0,1,SaraNanni,81596596,1,1,SaraNanni.Bundestag,101140118478789,1,1
3760,3761,14,2,SPD,"Nasr, Rasha",,Rasha,Nasr,1992,1,3,4.0,159.0,0,1,2,'null',0,1,rasha_nasr_,3697025955,1,1,RashaNasrSPD,112726154232114,1,2
3761,3762,2,5,DIE LINKE,"Nastić, Zaklin Jadwiga",,Zaklin Jadwiga,Nastić,1980,1,3,1.0,20.0,1,1,2,'null',1,1,ZaklinNastic,2527808433,1,1,zaklin.nastic,100006876271296,3,2
3766,3767,14,3,AfD,"Naujok, Edgar",,Edgar,Naujok,1960,2,3,16.0,154.0,0,1,1,"24,6",0,1,edgar_naujok,791991717717282817,2,1,naujok.afd,613418012814959,1,2
3786,3787,1,6,GRÜNE,"Nestle, Dr. Ingrid Johanna",Dr.,Ingrid Johanna,Nestle,1977,1,3,3.0,3.0,1,1,2,'null',1,1,Ingrid_Nestle,44359035,2,1,ingridnestleMdB,540050559669474,1,1
3819,3820,5,6,GRÜNE,"Nick, Dr. Ophelia Johanna",Dr.,Ophelia Johanna,Nick,1973,1,3,13.0,105.0,0,1,2,'null',0,1,OpheliaNick,2527051226,1,1,Ophelia.Nick,629950074295425,1,2
3820,3821,5,2,SPD,"Nickholz, Brian",,Brian,Nickholz,1989,2,3,50.0,122.0,0,1,1,"37,4",0,1,BrianNickholz,1970779310,1,1,NickholzBrian,1623531491263905,1,1
3852,3853,6,3,AfD,"Nolte, Jan Ralf",,Jan Ralf,Nolte,1988,2,3,4.0,167.0,1,1,2,'null',1,1,Jan_Nolte_AfD,3408940048,2,1,Jannolteafd,801630029947609,1,1
3860,3861,6,6,GRÜNE,"Nouripour, Omid",,Omid,Nouripour,1975,2,3,2.0,183.0,1,1,1,29,1,1,nouripour,16674128,1,1,nouripour1,335200473236919,1,1
3866,3867,9,2,SPD,"Nürnberger, Jörg Mathias",,Jörg Mathias,Nürnberger,1967,2,3,19.0,239.0,0,1,2,'null',0,1,JorgNurnberger,1354090527898148865,2,1,joerg.nuernberger.spd,219925261501036,1,1
3881,3882,6,2,SPD,"Oehl, Jan Lennard",,Jan Lennard,Oehl,1993,2,3,21.0,180.0,0,1,1,"31,1",0,1,leoehl,631226773,2,1,oehl.lennard,100892374750212,1,2
3884,3885,5,1,CDU,"Oellers, Wilfried",,Wilfried,Oellers,1975,2,3,47.0,89.0,1,1,1,"39,7",1,1,WilfriedOellers,906847944,1,1,WilfriedOellers.CDU,480535868644583,1,1
3907,3908,8,1,CDU,"Oppelt, Moritz Paul Georg",,Moritz Paul Georg,Oppelt,1989,2,2,,277.0,0,1,1,"28,5",0,1,moritz_oppelt,1042344502776791041,2,1,MoritzOppeltCDU,896172484061676,1,1
3912,3913,10,2,SPD,"Ortleb, Josephine Loulou",,Josephine Loulou,Ortleb,1986,1,3,2.0,296.0,1,1,1,"36,9",1,1,josephineortleb,21618829,1,1,josephine.ortleb,197149160794704,1,1
3919,3920,9,7,CSU,"Oßner, Florian",,Florian,Oßner,1980,2,2,,228.0,1,1,1,"36,4",1,1,Florian_Ossner,1294532364,1,1,ossnerflorian,108161994841585,1,1
3920,3921,7,1,CDU,"Oster, Josef",,Josef,Oster,1971,2,3,12.0,199.0,1,1,1,"31,7",1,1,josefoster,28089973,1,1,josef.oster.bundestag,1862755217333823,1,1
3926,3927,3,1,CDU,"Otte, Henning Rudolf Helmut",,Henning Rudolf Helmut,Otte,1968,2,3,13.0,44.0,1,1,1,"32,9",1,1,vtdgsprecher,1416388709264633858,2,1,henningottecducelleuelzen,263332637458329,1,1
3927,3928,3,6,GRÜNE,"Otte, Karoline",,Karoline,Otte,1996,1,3,9.0,52.0,0,1,2,'null',0,1,karo_otte,936673325950128128,1,1,karo.onaja,100002246094453,3,2
3929,3930,9,3,AfD,"Otten, Gerold Joachim",,Gerold Joachim,Otten,1955,2,3,9.0,221.0,1,1,2,'null',1,1,Gerold_Otten,774309860812918784,2,1,GeroldOttenAfD,293462724395793,1,1
3935,3936,8,6,GRÜNE,"Özdemir, Cem",,Cem,Özdemir,1965,2,3,2.0,258.0,1,1,1,40,1,1,cem_oezdemir,19108766,1,1,Cem,36379612880,1,1
3937,3938,5,2,SPD,"Özdemir, Mahmut",,Mahmut,Özdemir,1987,2,3,64.0,116.0,1,1,1,"39,4",1,1,oezdemir_spd,1399764944,1,1,oezdemir.spd,189259604552544,1,1
3942,3943,2,2,SPD,"Özoğuz, Saliha Aydan",,Saliha Aydan,Özoğuz,1967,1,3,1.0,22.0,1,1,1,"38,7",1,1,oezoguz,83342791,1,1,AydanOezoguz,314261885329155,1,1
3948,3949,3,6,GRÜNE,"Pahlke, Julian Nils Christoph",,Julian Nils Christoph,Pahlke,1991,2,3,12.0,25.0,0,1,2,'null',0,1,J_Pahlke,960825326132752385,1,1,julian.pahlke.9.privat.nofollow,100006510282967,3,2
3955,3956,3,2,SPD,"Pantazis, Dr. Christos",Dr.,Christos,Pantazis,1975,2,3,26.0,50.0,0,1,1,"36,7",0,1,Dr_Pantazis,25909814,2,1,ch.pantazis,100000749779575,3,2
3963,3964,12,2,SPD,"Papendieck, Mathias",,Mathias,Papendieck,1982,2,3,5.0,63.0,0,1,1,28,0,1,M_Papendieck,1673859822,2,1,MathiasPapendieck,423387691111888,1,1
3976,3977,11,5,DIE LINKE,"Pau, Petra Angelika",,Petra Angelika,Pau,1963,1,3,1.0,85.0,1,1,2,'null',1,1,PetraPauMaHe,560467206,1,1,PetraPauMaHe,123471354915100,1,1
3983,3984,11,6,GRÜNE,"Paus, Elisabeth Maria",,Elisabeth Maria,Paus,1968,1,3,1.0,80.0,1,1,2,'null',1,1,lisapaus,569166756,1,1,lisa.paus,100057724436707,1,1
3986,3987,6,2,SPD,"Pawlik, Natalie",,Natalie,Pawlik,1992,1,3,6.0,177.0,0,1,1,"29,7",0,1,natalie_pawlik,90452001,2,1,PawlikNatalie,118018648683989,1,1
3990,3991,5,2,SPD,"Peick, Jens",,Jens,Peick,1981,2,3,57.0,142.0,0,1,1,33,0,1,JensPeick,1348612290250207234,2,1,jenspeick.spd,105997131335760,1,2
3994,3995,14,5,DIE LINKE,"Pellmann, Sören",,Sören,Pellmann,1977,2,3,2.0,153.0,1,1,1,"22,8",1,1,LINKEPELLI,74837812,1,1,MdBSoerenPellmann,186128571494326,1,1
4002,4003,3,5,DIE LINKE,"Perli, Victor Angelo",,Victor Angelo,Perli,1982,2,3,2.0,49.0,1,1,2,'null',1,1,victorperli,3350681139,1,1,perli.victor,1654288227973259,1,1
4011,4012,9,3,AfD,"Peterka, Tobias Matthias",,Tobias Matthias,Peterka,1982,2,3,10.0,237.0,1,1,2,'null',1,1,TobiasMPeterka,2496104640,2,1,TobiasPeterka,1527271330697247,1,2
4025,4026,10,2,SPD,"Petry, Christian",,Christian,Petry,1965,2,3,3.0,298.0,1,1,1,"35,1",1,1,CPetryMdB,64159881,1,1,christianpetry,664443296948057,1,1
4053,4054,3,2,SPD,"Philippi, Dr. Andreas Milan Gerhard",Dr.,Andreas Milan Gerhard,Philippi,1965,2,3,17.0,53.0,0,1,1,"32,2",0,1,PhilippiSpd,1352627969664151553,2,1,Dr.AndreasPhilippi,100014495761861,3,2
4059,4060,14,6,GRÜNE,"Piechotta, Dr. Paula Louise",Dr.,Paula Louise,Piechotta,1986,1,3,1.0,153.0,0,1,2,'null',0,1,PaulaPiechotta,52318801,1,1,Paula.Piechotta,1188002062,3,2
4073,4074,9,7,CSU,"Pilsinger, Stephan Nikolaus",,Stephan Nikolaus,Pilsinger,1987,2,3,17.0,220.0,1,1,1,27,1,1,StephPilsinger,819914159915667456,1,1,StephanNPilsinger,1299185570141113,1,1
4087,4088,9,2,SPD,"Plobner, Jan Heinz Stefan",,Jan Heinz Stefan,Plobner,1992,2,3,23.0,246.0,0,1,2,'null',0,1,JanPlobner,1027976898641633281,2,1,janplobner.spd,105197591620218,1,1
4090,4091,2,1,CDU,"Ploß, Dr. Christoph Johannes",Dr.,Christoph Johannes,Ploß,1985,2,3,1.0,21.0,1,1,2,'null',1,1,christophploss,928335737803722753,1,1,christophploss,266691460417403,1,1
4097,4098,16,3,AfD,"Pohl, Jürgen Hans",,Jürgen Hans,Pohl,1964,2,3,2.0,189.0,1,1,2,'null',1,1,Pohl_MdB,175071092,2,1,juergen.pohl.afd,255285948254612,1,2
4101,4102,3,6,GRÜNE,"Polat, Filiz",,Filiz,Polat,1978,1,3,1.0,38.0,1,1,2,'null',1,1,filizgreen,194535434,1,1,Filiz.Polat.Bundestag,167292313732467,1,1
4114,4115,5,2,SPD,"Poschmann, Sabine",,Sabine,Poschmann,1968,1,3,6.0,143.0,1,1,1,"39,1",1,1,SabinePoschmann,738636568760553472,2,1,poschmann.spd,1373896675995661,1,1
4117,4118,5,2,SPD,"Post, Achim Jürgen",,Achim Jürgen,Post,1959,2,3,13.0,134.0,1,1,1,"38,4",1,1,Achim_P,1117749912,1,1,Achim.Post,275065419228117,1,1
4145,4146,9,3,AfD,"Protschka, Stephan",,Stephan,Protschka,1977,2,3,3.0,230.0,1,1,2,'null',1,1,AfDProtschka,1412287272,1,1,Protschka.Stephan,530757183776023,1,1
4166,4167,5,1,CDU,"Rachel, Thomas Walther",,Thomas Walther,Rachel,1962,2,3,9.0,90.0,1,1,1,"36,7",1,1,_ThomasRachel,1052524172717375488,1,1,thomas.rachel.dueren,671477766298810,1,1
4173,4174,9,7,CSU,"Radwan, Alexander Gamal",,Alexander Gamal,Radwan,1964,2,2,,223.0,1,1,1,"41,3",1,1,AlexanderRadwan,2831760211,1,1,alexanderradwanmdb,740593499286362,1,1
4180,4181,9,7,CSU,"Rainer, Alois Georg Josef",,Alois Georg Josef,Rainer,1965,2,2,,231.0,1,1,1,"44,3",1,1,AloisRainer,1310491780618555396,2,1,Alois Rainer,516782058376475,1,1
4207,4208,4,4,FDP,"Redder, Dr. Volker",Dr.,Volker,Redder,1959,2,3,1.0,54.0,0,1,2,'null',0,1,docredder,65658028,2,1,docredder,1439988031,3,2
4213,4214,5,1,CDU,"Rehbaum, Henning",,Henning,Rehbaum,1973,2,2,,130.0,0,1,1,"36,3",0,1,HenningRehbaum,1338567611781623810,2,1,rehbaumhenning,702425789960118,1,1
4221,4222,15,3,AfD,"Reichardt, Martin",,Martin,Reichardt,1969,2,3,1.0,73.0,1,1,2,'null',1,1,M_Reichardt_AfD,2545743991,1,1,MartinReichardtAfD,1783417735277557,1,1
4222,4223,14,1,CDU,"Reichel, Dr. Markus",Dr.,Markus,Reichel,1968,2,3,3.0,159.0,0,1,1,"21,1",0,1,MarkusReichelDD,1354788176150278146,2,1,MarkusReichelCDU,101366211961573,1,1
4228,4229,3,5,DIE LINKE,"Reichinnek, Heidi",,Heidi,Reichinnek,1988,1,3,3.0,39.0,0,1,2,'null',0,1,HeidiReichinnek,3417281013,1,1,Heidi.DieLINKE.Nds,1461968293841176,1,1
4240,4241,8,6,GRÜNE,"Reinalter, Prof. Dr.Anja Margit",Prof. Dr.,Anja Margit,Reinalter,1970,1,3,18.0,292.0,0,1,2,'null',0,1,AnjaReinalter,1398922666069872641,2,1,anja.re.1650,100007723542201,3,2
4251,4252,13,4,FDP,"Reinhold, Hagen",,Hagen,Reinhold,1978,2,3,1.0,14.0,1,1,2,'null',1,1,reinholdmdb,925657781759332353,1,1,hagenreinholdfdp,100058180834810,1,1
4269,4270,5,3,AfD,"Renner, Martin Erwin",,Martin Erwin,Renner,1954,2,3,4.0,104.0,1,1,2,'null',1,1,Renner_AfD,2535401947,1,1,afdspitzenkandidatnrw,100007329880766,3,2
4270,4271,16,5,DIE LINKE,"Renner, Martina Erika",,Martina Erika,Renner,1967,1,3,3.0,190.0,1,1,2,'null',1,1,MartinaRenner,68920005,1,1,martinarennermdb,626402354237715,1,2
4280,4281,5,4,FDP,"Reuther, Bernd",,Bernd,Reuther,1971,2,3,13.0,113.0,1,1,2,'null',1,1,reuther_bernd,930422173478608903,1,1,Bernd.Reuther2017,140847556508677,1,1
4284,4285,5,2,SPD,"Rhie, Ye-One",,Ye-One,Rhie,1987,1,3,30.0,87.0,0,1,2,'null',0,1,YeOne_Rhie,722757627877335040,2,1,yeone.rhie,107110814858285,1,1
4324,4325,8,5,DIE LINKE,"Riexinger, Bernd Karl",,Bernd Karl,Riexinger,1955,2,3,1.0,258.0,1,1,2,'null',1,1,b_riexinger,849012308,1,1,riexinger.bernd,151260125059312,1,1
4327,4328,5,2,SPD,"Rimkus, Andreas",,Andreas,Rimkus,1962,2,3,19.0,107.0,1,1,1,"29,2",1,1,Andreas_Rimkus,30838821,1,1,andreasrimkusmdb,103859252984490,1,1
4342,4343,1,2,SPD,"Rix, Sönke",,Sönke,Rix,1975,2,3,1.0,4.0,1,1,1,"30,8",1,1,SoenkeRix,36327895,1,1,soenkerixmdb,267414470380110,1,1
4356,4357,3,2,SPD,"Rohde, Dennis",,Dennis,Rohde,1986,2,3,7.0,27.0,1,1,1,"38,2",1,1,DennisRohde,18160122,1,1,dennis.rohde,435851583129781,1,1
4377,4378,9,2,SPD,"Roloff, Sebastian Jörg",,Sebastian Jörg,Roloff,1983,2,3,5.0,219.0,0,1,2,'null',0,1,SebRoloff,482763399,2,1,Seb.Roloff,1130431107039858,1,1
4396,4397,8,2,SPD,"Rosemann, Dr. Martin",Dr.,Martin,Rosemann,1976,2,3,4.0,290.0,1,1,2,'null',1,1,MartinRosemann,28784085,1,1,martin.rosemann.5,419654778154419,1,1
4407,4408,5,2,SPD,"Rosenthal, Jessica",,Jessica,Rosenthal,1992,1,3,20.0,96.0,0,1,2,'null',0,1,jessi_rosenthal,1250663306286817282,1,1,jessicarosenthal.bonn,109006391253440,1,1
4418,4419,7,6,GRÜNE,"Rößner, Tabea",,Tabea,Rößner,1966,1,3,1.0,205.0,1,1,2,'null',1,1,TabeaRoessner,53351462,1,1,tabearoessne,100692671696057,1,1
4426,4427,6,2,SPD,"Roth, Michael",,Michael,Roth,1970,2,3,1.0,169.0,1,1,1,"43,7",1,1,MiRo_SPD,1114675538,1,1,michael.rothmdb,1425725414386857,1,1
4437,4438,5,1,CDU,"Röttgen, Dr. Norbert Alois",Dr.,Norbert Alois,Röttgen,1965,2,2,,98.0,1,1,1,40,1,1,n_roettgen,1040160799208161280,1,1,NorbertRoettgen,358818263101,1,1
4438,4439,9,6,GRÜNE,"Rottmann, Dr. Manuela",Dr.,Manuela,Rottmann,1972,1,3,5.0,248.0,1,1,2,'null',1,1,ManuelaRottman,984735466783232000,2,1,ManuelaRottmannGruene,121885904922962,1,1
4441,4442,5,1,CDU,"Rouenhoff, Stefan",,Stefan,Rouenhoff,1978,2,3,36.0,112.0,1,1,1,"37,6",1,1,StefanRouenhoff,963904327,1,1,stefanrouenhoff,272413923137815,1,1
4442,4443,4,1,CDU,"Röwekamp, Thomas",,Thomas,Röwekamp,1966,2,3,1.0,54.0,0,1,2,'null',0,1,TR_Bremen,1108680958100848640,2,1,thomas.roewekamp,1539434080,3,2
4456,4457,7,1,CDU,"Rüddel, Erwin Josef",,Erwin Josef,Rüddel,1955,2,3,7.0,197.0,1,1,1,"31,9",1,1,Erwin_Rueddel,33071479,1,1,rueddel,120767057956472,1,1
4460,4461,7,2,SPD,"Rudolph, Dr. Thorsten",Dr.,Thorsten,Rudolph,1974,2,3,3.0,199.0,0,1,2,'null',0,1,jethoru,540276932,1,1,thrstnrdlph,105317931705149,1,1
4467,4468,7,6,GRÜNE,"Rüffer, Corinna Martina",,Corinna Martina,Rüffer,1975,1,3,3.0,203.0,1,1,2,'null',1,1,crueffer,1524735194,1,1,crueffermdb,100200038673099,1,1
4495,4496,9,2,SPD,"Rützel, Bernd Ferdinand",,Bernd Ferdinand,Rützel,1968,2,3,7.0,249.0,1,1,2,'null',1,1,ruetzelbernd,1113004743733993472,2,1,BerndRuetzelMdB,701570419910290,1,1
4496,4497,4,2,SPD,"Ryglewski, Sarah Janina",,Sarah Janina,Ryglewski,1983,1,3,1.0,54.0,1,1,1,"30,2",1,1,RyglewskiS,4858227178,1,1,sarah.ryglewski,199066060136423,1,1
4499,4500,3,2,SPD,"Saathoff, Johann",,Johann,Saathoff,1967,2,3,11.0,24.0,1,1,1,"52,8",1,1,Johann_Saathoff,159217491,1,1,johann.saathoff.52,100000048766655,3,2
4510,4511,14,6,GRÜNE,"Saleh, Kassem Taher",,Kassem Taher,Saleh,1993,2,3,4.0,159.0,0,1,2,'null',0,1,kassem_ts,1162268562481750022,1,1,Kassem7Taher.Saleh,107969381083059,1,1
4538,4539,9,4,FDP,"Sattelberger, Thomas Michael",,Thomas Michael,Sattelberger,1949,2,3,5.0,219.0,1,1,2,'null',1,1,th_sattelberger,1296544153,1,1,thsattelberger,100058252740104,1,1
4548,4549,5,4,FDP,"Sauter, Christian",,Christian,Sauter,1980,2,3,16.0,135.0,1,1,2,'null',1,1,Chr_Sauter,997033716324093952,1,1,christianBT1721,259956694101149,1,2
4564,4565,8,6,GRÜNE,"Schäfer, Dr. Sebastian",Dr.,Sebastian,Schäfer,1979,2,3,17.0,261.0,0,1,2,'null',0,1,sebastian_es_,3367452609,1,1,sebastian.schafer.3152,100061650105671,3,2
4565,4566,5,2,SPD,"Schäfer, Ingo",,Ingo,Schäfer,1965,2,3,43.0,103.0,0,1,1,"32,6",0,1,ingoschaeferspd,1380107899092017159,2,1,SPDBundestagskandidat,107404501444359,1,1
4566,4567,9,6,GRÜNE,"Schäfer, Jamila Anna",,Jamila Anna,Schäfer,1993,1,3,7.0,219.0,0,1,1,"27,5",0,1,jamila_anna,859883348,1,1,jamila.schafer,100000437236176,2,1
4574,4575,5,4,FDP,"Schäffler, Frank Uwe",,Frank Uwe,Schäffler,1968,2,3,9.0,134.0,1,1,2,'null',1,1,f_schaeffler,18189342,1,1,frank.schaeffler,284882801581896,1,1
4590,4591,7,3,AfD,"Schattner, Bernd Hans",,Bernd Hans,Schattner,1968,2,3,4.0,211.0,0,1,2,'null',0,1,Herbstbernd27,868931638486609922,2,1,bernd.schattner.AfD,108556880612537,1,2
4597,4598,5,6,GRÜNE,"Schauws, Ursula",,Ursula,Schauws,1966,1,3,9.0,114.0,1,1,2,'null',1,1,ulle_schauws,17363943,1,1,ulleschauwsmdb,386377278159647,1,1
4599,4600,1,2,SPD,"Scheer, Dr. Nina",Dr.,Nina,Scheer,1971,1,3,2.0,10.0,1,1,1,31,1,1,NinaScheer_SPD,845213960060243968,1,1,ninascheer.spd,335584086555989,1,1
4631,4632,9,7,CSU,"Scheuer, Andreas Franz",,Andreas Franz,Scheuer,1974,2,3,3.0,229.0,1,1,1,"30,7",1,1,andreasscheuer,50315139,1,1,Andreas.Scheuer,127608807419079,1,1
4638,4639,9,2,SPD,"Schieder, Marianne",,Marianne,Schieder,1962,1,3,12.0,234.0,1,1,2,'null',1,1,m_schieder,1306503986791448576,1,1,MarianneSchieder,728011090672695,1,1
4639,4640,5,2,SPD,"Schiefner, Udo",,Udo,Schiefner,1959,2,3,7.0,111.0,1,1,2,'null',1,1,UdoSchiefner,3823042877,2,1,USchiefner,321220311306238,1,1
4642,4643,13,3,AfD,"Schielke-Ziesing, Ulrike",,Ulrike,Schielke-Ziesing,1969,1,3,3.0,17.0,1,1,2,'null',1,1,ulschzi,866924100,1,1,UlrikeSchielkeZiesingAfD,1618008748513984,1,1
4664,4665,12,1,CDU,"Schimke, Jana",,Jana,Schimke,1979,1,3,3.0,62.0,1,1,2,'null',1,1,JanaSchimke,728990858,1,1,janaschimke.Bundestagsabgeordnete,309880835800076,1,1
4718,4719,9,2,SPD,"Schmid, Christoph Florian",,Christoph Florian,Schmid,1976,2,3,9.0,254.0,0,1,2,'null',0,1,kratermensch,2615401245,2,1,christophalerheim,1397239237183942,1,1
4719,4720,8,2,SPD,"Schmid, Dr. Nils Hermann",Dr.,Nils Hermann,Schmid,1973,2,3,2.0,262.0,1,1,2,'null',1,1,NilsSchmid,83795057,1,1,Nils.Schmid.SPD,170951649104,1,1
4735,4736,6,2,SPD,"Schmidt, Dagmar",,Dagmar,Schmidt,1973,1,3,2.0,172.0,1,1,1,"33,1",1,1,dieschmidt,95905207,1,1,dagmar.schmidt.356,108131116181,1,1
4751,4752,15,3,AfD,"Schmidt, Jan Wenzel",,Jan Wenzel,Schmidt,1991,2,3,2.0,67.0,0,1,2,'null',0,1,jws_afd,3321753670,1,1,jan.schmidt.afd,922499797823855,1,2
4769,4770,9,6,GRÜNE,"Schmidt, Stefan",,Stefan,Schmidt,1981,2,3,10.0,233.0,1,1,2,'null',1,1,Schmidt_MdB,930725836482928640,1,1,schmidt.regensburg,100004213020092,3,2
4801,4802,16,2,SPD,"Schneider, Carsten",,Carsten,Schneider,1976,2,3,1.0,193.0,1,1,1,"24,4",1,1,schneidercar,96783215,1,1,schneidercar,107591306090255,1,1
4810,4811,5,3,AfD,"Schneider, Jörg",,Jörg,Schneider,1964,2,3,5.0,123.0,1,1,2,'null',1,1,Schneider_AfD,719975730784956416,2,1,JoergSchneiderMdB,1554948097909429,1,1
4827,4828,7,1,CDU,"Schnieder, Patrick",,Patrick,Schnieder,1968,2,3,2.0,202.0,1,1,1,"37,7",1,1,PSchnieder,368334555,1,1,PatrickSchniederMdB,511399752215114,1,1
4845,4846,12,2,SPD,"Scholz, Olaf",,Olaf,Scholz,1958,2,3,1.0,61.0,0,1,1,34,0,1,OlafScholz,38150247,1,1,olafscholz,104145414310,1,1
4848,4849,10,1,CDU,"Schön, Nadine",,Nadine,Schön,1983,1,3,3.0,298.0,1,1,2,'null',1,1,NadineSchoen,41840905,1,1,schoen.nadine,515908098472177,1,1
4850,4851,9,6,GRÜNE,"Schönberger, Marlene Edeltraud",,Marlene Edeltraud,Schönberger,1990,1,3,15.0,230.0,0,1,2,'null',0,1,lime_green_leni,314230960,2,1,SchoenbergerMarlene,564894743865676,1,2
4866,4867,3,2,SPD,"Schraps, Johannes",,Johannes,Schraps,1983,2,3,9.0,46.0,1,1,1,"43,2",1,1,jschraps,1356753444,1,1,johannes.schraps.spd,1176771325755239,1,1
4872,4873,8,1,CDU,"Schreiner, Felix",,Felix,Schreiner,1986,2,2,,288.0,1,1,1,"33,6",1,1,felixschreiner,162398888,1,1,schreiner.felix,137019056359309,1,1
4876,4877,3,6,GRÜNE,"Schröder, Christina-Johanne",,Christina-Johanne,Schröder,1983,1,3,3.0,28.0,0,1,2,'null',0,1,cj_schroeder,724395216,1,1,cjschroeder83,100000681589427,3,2
4882,4883,2,4,FDP,"Schröder, Ria Irmtraut Claudia",,Ria Irmtraut Claudia,Schröder,1992,1,1,2.0,,0,1,2,'null',0,1,ria_schroeder,3064795323,1,1,ria.schroeder.hh,577202219125903,1,1
4885,4886,9,2,SPD,"Schrodi, Michael Georg",,Michael Georg,Schrodi,1977,2,3,13.0,215.0,1,1,2,'null',1,1,mischrodi,806975237766135813,1,1,m.schrodi,373266896075258,1,1
4922,4923,3,4,FDP,"Schulz, Anja",,Anja,Schulz,1985,1,3,3.0,44.0,0,1,2,'null',0,1,_anja_schulz,825776827352367104,1,1,AnjaSchulzFDP,330621880671483,1,1
4931,4932,6,3,AfD,"Schulz, Uwe",,Uwe,Schulz,1961,2,3,3.0,173.0,1,1,2,'null',1,1,Uwe_Schulz_AfD,19177808,2,1,uweschulzafd,1167700783325442,1,1
4932,4933,6,6,GRÜNE,"Schulz-Asche, Kordula Anna Paula",,Kordula Anna Paula,Schulz-Asche,1956,1,3,3.0,181.0,1,1,2,'null',1,1,K_SA,17870195,1,1,SchulzAsche,140216212665755,1,1
4937,4938,5,2,SPD,"Schulze, Svenja",,Svenja,Schulze,1968,1,3,2.0,129.0,0,1,2,'null',0,1,SvenjaSchulze68,757979230244368385,1,1,svenja.schulze,49017107028,1,1
4974,4975,5,2,SPD,"Schwabe, Frank",,Frank,Schwabe,1970,2,3,25.0,121.0,1,1,1,41,1,1,FrankSchwabe,30050484,1,1,frankschwabe.spd,132854030244592,1,1
4983,4984,5,2,SPD,"Schwartze, Stefan",,Stefan,Schwartze,1974,2,3,11.0,133.0,1,1,1,"36,5",1,1,s_schwartze,1117526742,1,1,stefan.schwartze,444872249052425,1,1
4984,4985,9,2,SPD,"Schwarz, Andreas",,Andreas,Schwarz,1965,2,3,11.0,236.0,1,1,2,'null',1,1,Schwarz_MdB,2226815116,1,1,andreas.schwarz.spd,729931240351201,1,1
4986,4987,6,1,CDU,"Schwarz, Armin",,Armin,Schwarz,1968,2,3,6.0,167.0,0,1,2,'null',0,1,ArminSchwarz,1204127231796285441,2,1,schwarz.armin,503396569702880,1,1
4995,4996,8,2,SPD,"Schwarzelühr-Sutter, Rita Berta",,Rita Berta,Schwarzelühr-Sutter,1962,1,3,3.0,288.0,1,1,2,'null',1,1,rischwasu,50932086,1,1,schwarzeluehrsutter,356722457844832,1,1
5027,5028,3,4,FDP,"Seestern-Pauly, Matthias",,Matthias,Seestern-Pauly,1984,2,3,7.0,38.0,1,1,2,'null',1,1,mseesternpauly,1006099793888841729,2,1,seestern.pauly,302705179873307,1,1
5041,5042,1,37,SSW,"Seidler, Stefan",,Stefan,Seidler,1979,2,3,1.0,1.0,0,1,2,'null',0,1,stefan_seidler,1309754734040035330,2,1,stefan.seidler1,706096466,3,2
5049,5050,8,4,FDP,"Seiter, Prof. Dr.Stephan",Prof. Dr.,Stephan,Seiter,1963,2,3,11.0,264.0,0,1,2,'null',0,1,StSeiter,743355360367370240,1,1,seiterfdpremsmurr,770993489926064,1,1
5052,5053,8,3,AfD,"Seitz, Thomas Michael Konrad",,Thomas Michael Konrad,Seitz,1967,2,3,9.0,283.0,1,1,2,'null',1,1,Th_Seitz_AfD,913358838736310272,2,1,Thomas.Seitz.AfD,1060248910727859,1,2
5053,5054,8,2,SPD,"Seitzl, Dr. Lina",Dr.,Lina,Seitzl,1989,1,3,15.0,287.0,0,1,2,'null',0,1,Lina_Seitzl,2474314748,1,1,linaseitzl21,102160768427515,1,1
5054,5055,8,6,GRÜNE,"Sekmen, Melis",,Melis,Sekmen,1993,1,3,16.0,275.0,0,1,2,'null',0,1,Melis_S,289583425,2,1,melisfuermannheim,324033755704681,1,1
5059,5060,8,4,FDP,"Semet, Rainer",,Rainer,Semet,1957,2,3,15.0,279.0,0,1,2,'null',0,1,RainerSemet,1263786763371380737,2,1,1609126067,1609126067,3,2
5087,5088,9,3,AfD,"Sichert, Martin Johannes",,Martin Johannes,Sichert,1980,2,3,5.0,244.0,1,1,2,'null',1,1,Martin_Sichert,918405860862382082,2,1,sichertmartin,1509620576000837,1,1
5113,5114,9,7,CSU,"Silberhorn, Thomas",,Thomas,Silberhorn,1968,2,2,,236.0,1,1,1,37,1,1,SilberhornMdB,951489275312443392,1,1,ThomasSilberhornMdB,1667682606803909,1,1
5116,5117,6,1,CDU,"Simon, Björn Manuel",,Björn Manuel,Simon,1981,2,3,17.0,185.0,1,1,1,"27,8",1,1,BjoernSimon,93845554,2,1,bjoernsimon.cdu,536275779902817,1,1
5127,5128,15,5,DIE LINKE,"Sitte, Dr. Petra",Dr.,Petra,Sitte,1960,1,3,2.0,72.0,1,1,2,'null',1,1,Petra_Sitte_MdB,293522998,1,1,MdB.Petra.Sitte,231707130202357,1,1
5131,5132,8,4,FDP,"Skudelny, Judith Sandra",,Judith Sandra,Skudelny,1975,1,3,2.0,258.0,1,1,2,'null',1,1,JudithSkudelny,948958759560376320,1,1,JSkudelny,459810777747747,1,1
5134,5135,5,6,GRÜNE,"Slawik, Nyke",,Nyke,Slawik,1994,1,3,11.0,101.0,0,1,2,'null',0,1,nyke_slawik,3002271760,1,1,nyke.tomato,100003018187749,2,1
5166,5167,15,1,CDU,"Sorge, Tino",,Tino,Sorge,1975,2,3,3.0,69.0,1,1,2,'null',1,1,TinoSorge,110385973,1,1,sorgetino,410387535708548,1,1
5168,5169,5,1,CDU,"Spahn, Jens Georg",,Jens Georg,Spahn,1980,2,3,4.0,124.0,1,1,1,40,1,1,jensspahn,299650387,1,1,jensspahn,92576009043,1,1
5169,5170,5,6,GRÜNE,"Spallek, Dr. Anne Monika",Dr.,Anne Monika,Spallek,1968,1,3,21.0,127.0,0,1,2,'null',0,1,AnneSpallek,1066418537969999873,2,1,annemonikaspallek,100733885641078,1,2
5170,5171,8,3,AfD,"Spaniel, Dr. Dirk",Dr.,Dirk,Spaniel,1971,2,3,3.0,258.0,1,1,2,'null',1,1,DirkSpaniel,810537151729373184,2,1,spaniel.afd,1801375653478633,1,1
5177,5178,14,6,GRÜNE,"Spellerberg, Merle",,Merle,Spellerberg,1996,1,3,3.0,160.0,0,1,2,'null',0,1,spellerberg_m,905109355586101248,1,1,spellerberg.merle,115194577009682,1,1
5191,5192,12,3,AfD,"Springer, René",,René,Springer,1979,2,1,2.0,,1,1,2,'null',1,1,Rene_Springer,831541837965967361,1,1,springer.rene,180406922444317,1,1
5197,5198,3,2,SPD,"Stadler, Svenja",,Svenja,Stadler,1976,1,3,4.0,36.0,1,1,1,31,1,1,stadler_svenja,3337459024,1,1,svenjastadlerspd,340332092731147,1,1
5201,5202,9,7,CSU,"Staffler, Katrin",,Katrin,Staffler,1981,1,3,18.0,215.0,1,1,1,38,1,1,katrin_staffler,825019912083038208,1,1,katrinstaffler,1145118288919890,1,1
5205,5206,11,6,GRÜNE,"Stahr, Nina",,Nina,Stahr,1982,1,3,5.0,79.0,0,1,2,'null',0,1,ninastahr,19530651,1,1,nina.e.stahr,575407351,2,1
5212,5213,9,2,SPD,"Stamm-Fibich, Martina Margarete",,Martina Margarete,Stamm-Fibich,1965,1,3,18.0,242.0,1,1,2,'null',1,1,stamm_fibich,4017796049,1,1,martina.stammfibich,332058163603185,1,1
5218,5219,6,4,FDP,"Stark-Watzinger, Bettina",,Bettina,Stark-Watzinger,1968,1,3,1.0,181.0,1,1,2,'null',1,1,starkwatzinger,38228691,1,1,bettina.starkwa,468408573213289,1,1
5233,5234,2,6,GRÜNE,"Steffen, Dr. Till Benjamin",Dr.,Till Benjamin,Steffen,1973,2,3,2.0,20.0,0,1,1,"29,9",0,1,till_steffen,1125962791,1,0,'null','null',0,0
5238,5239,9,7,CSU,"Stefinger, Dr. Wolfgang Dieter",Dr.,Wolfgang Dieter,Stefinger,1985,2,2,,218.0,1,1,1,"31,7",1,1,StefingerMdB,4866955749,1,1,wolfgangstefinger,353630558075336,1,1
5239,5240,3,1,CDU,"Stegemann, Albert",,Albert,Stegemann,1976,2,3,29.0,31.0,1,1,1,"40,5",1,1,StegemannAlbert,1127961248493129728,2,1,albertstegemann1,1400602380214173,1,1
5244,5245,1,2,SPD,"Stegner, Dr. Ralf",Dr.,Ralf,Stegner,1959,2,3,3.0,7.0,0,1,1,"31,3",0,1,Ralf_Stegner,16808099,1,1,ralf.stegner,480641715335370,1,1
5254,5255,1,2,SPD,"Stein, Jens Mathias",,Jens Mathias,Stein,1970,2,3,7.0,5.0,1,1,1,"29,5",1,1,stonie_kiel,46498076,1,1,mathias.stein.7,1794107303,3,2
5267,5268,7,1,CDU,"Steiniger, Johannes Eberhard",,Johannes Eberhard,Steiniger,1987,2,3,8.0,208.0,1,1,1,"30,2",1,1,JoSteiniger,83474160,1,1,johannes.steiniger,100057995290954,1,1
5271,5272,11,6,GRÜNE,"Steinmüller, Hanna",,Hanna,Steinmüller,1993,1,3,9.0,75.0,0,1,1,"30,5",0,1,HanSteinmueller,1091742295572000769,1,1,HanSteinmueller,108543241443875,1,2
5289,5290,14,2,SPD,"Sthamer, Nadja",,Nadja,Sthamer,1990,1,3,6.0,153.0,0,1,2,'null',0,1,nadjasthamer,1325320336016027648,2,1,nadjasthamerspd,105987068154008,1,1
5290,5291,15,1,CDU,"Stier, Dieter",,Dieter,Stier,1964,2,3,2.0,73.0,1,1,1,"26,3",1,1,dieter_stier,1156156982,2,1,dieter.stier.blk,213324332126468,1,1
5311,5312,1,1,CDU,"Storjohann, Gero",,Gero,Storjohann,1958,2,3,5.0,8.0,1,1,2,'null',1,1,gero_storjohann,20534846,1,1,g.storjohann,99030159508,1,1
5318,5319,5,4,FDP,"Strack-Zimmermann, Dr. Marie-Agnes",Dr.,Marie-Agnes,Strack-Zimmermann,1958,1,3,2.0,106.0,1,1,2,'null',1,1,MAStrackZi,3047392319,1,1,mastrackzimmermann,782677895144628,1,1
5321,5322,8,4,FDP,"Strasser, Benjamin",,Benjamin,Strasser,1987,2,3,6.0,294.0,1,1,2,'null',1,1,bstrasser,29540300,1,1,strasser.fdp,139782149374162,1,1
5334,5335,6,6,GRÜNE,"Strengmann-Kuhn, Dr. Wolfgang",Dr.,Wolfgang,Strengmann-Kuhn,1964,2,3,4.0,185.0,1,1,2,'null',1,1,W_SK,20840049,1,1,wolfgang.strengmannkuhn,187802098063534,1,1
5356,5357,11,2,SPD,"Stüwe, Ruppert Fritz Johannes",,Ruppert Fritz Johannes,Stüwe,1978,2,3,5.0,79.0,0,1,2,'null',0,1,stuewer,94592987,2,1,ruppert.stuewe,110257067566418,1,1
5392,5393,8,5,DIE LINKE,"Tatti, Jessica Nadine",,Jessica Nadine,Tatti,1981,1,3,3.0,289.0,1,1,2,'null',1,1,jessica_tatti,1020297087970435072,2,1,MdB.Jessica.Tatti,1701714076575330,1,1
5414,5415,6,6,GRÜNE,"Tesfaiesus, Awet",,Awet,Tesfaiesus,1974,1,3,9.0,169.0,0,1,2,'null',0,1,AwetTesfaiesus,1035577771853049858,1,1,awet.tesfaiesus,100062118904838,3,2
5416,5417,12,4,FDP,"Teuteberg, Linda",,Linda,Teuteberg,1981,1,3,1.0,61.0,1,1,2,'null',1,1,LindaTeuteberg,170964436,1,1,teuteberg.linda,206642169865571,1,1
5417,5418,5,4,FDP,"Teutrine, Jens",,Jens,Teutrine,1993,2,3,18.0,133.0,0,1,2,'null',0,1,jensteutrine,801549587144175616,1,1,jensteutrine,111127507727233,1,1
5426,5427,8,4,FDP,"Theurer, Michael Alexander",,Michael Alexander,Theurer,1967,2,3,1.0,271.0,1,1,2,'null',1,1,EUTheurer,1108382916,1,1,michael.theurer,386021434908185,1,1
5428,5429,5,2,SPD,"Thews, Michael Eckardt",,Michael Eckardt,Thews,1964,2,3,48.0,145.0,1,1,1,"40,6",1,1,michael_thews,409258073,1,1,MichaelThewsMdB,702563316515363,1,1
5445,5446,9,4,FDP,"Thomae, Stephan",,Stephan,Thomae,1968,2,3,6.0,256.0,1,1,2,'null',1,1,StephanThomae,75005687,1,1,stephanthomaefdp,114479615316279,1,1
5454,5455,8,1,CDU,"Throm, Alexander Richard",,Alexander Richard,Throm,1968,2,3,13.0,267.0,1,1,1,"27,8",1,1,alexander_throm,829056811974144001,1,1,alexander.throm.hn,1698700087037237,1,1
5473,5474,16,1,CDU,"Tillmann, Antje",,Antje,Tillmann,1964,1,3,2.0,193.0,1,1,2,'null',1,1,AntjeTillmann,1082925763316367360,1,1,AntjeTillmannMdB,1249194705159064,1,1
5479,5480,14,4,FDP,"Tippelt, Nico",,Nico,Tippelt,1967,2,3,5.0,165.0,0,1,2,'null',0,1,tippelt21,53369932,2,1,tippelt21,101310414002,1,1
5485,5486,5,4,FDP,"Todtenhausen, Manfred",,Manfred,Todtenhausen,1950,2,3,19.0,102.0,1,1,2,'null',1,1,MTodtenhausen,563706584,1,1,manfred.todtenhausen.fdp,370645369674729,1,1
5489,5490,8,4,FDP,"Toncar, Dr. Florian",Dr.,Florian,Toncar,1979,2,3,5.0,260.0,1,1,2,'null',1,1,florian_toncar,17462171,1,1,FlorianToncarMdB,617033428501184,1,1
5491,5492,5,2,SPD,"Töns, Markus",,Markus,Töns,1964,2,3,56.0,123.0,1,1,1,"40,5",1,1,Toens_NRW04,3522875063,1,1,markustoens,1131664343579413,1,1
5503,5504,9,2,SPD,"Träger, Carsten Dietmar",,Carsten Dietmar,Träger,1973,2,3,3.0,243.0,1,1,2,'null',1,1,CarstenTraeger,3577737256,1,1,carstentraegermdb,568297056577159,1,1
5526,5527,3,6,GRÜNE,"Trittin, Jürgen",,Jürgen,Trittin,1954,2,3,4.0,53.0,1,1,2,'null',1,1,JTrittin,485751594,1,1,juergen.trittin,87410317539,1,1
5545,5546,8,2,SPD,"Türk-Nachbaur, Derya",,Derya,Türk-Nachbaur,1973,1,3,19.0,286.0,0,1,2,'null',0,1,derya_tn,1162689374510886912,1,1,derytnSPD,106689868088520,1,2
5556,5557,10,1,CDU,"Uhl, Markus Alexander",,Markus Alexander,Uhl,1979,2,3,4.0,299.0,1,1,2,'null',1,1,uhl_markus,1391875208,2,1,markusuhlmdb,467987053577610,1,1
5557,5558,5,6,GRÜNE,"Uhlig, Katrin Babette",,Katrin Babette,Uhlig,1982,1,3,15.0,96.0,0,1,1,"25,2",0,1,katrinuhligbn,1346462734662193152,2,1,katrinuhlig.bonn,101269598848281,1,2
5561,5562,9,4,FDP,"Ullmann, Prof. Dr.Andrew John",Prof. Dr.,Andrew John,Ullmann,1963,2,3,10.0,251.0,1,1,2,'null',1,1,UllmannMdB,609972369,1,1,ullmannMdB,245945852526795,1,1
5563,5564,9,7,CSU,"Ullrich, Dr. Volker Michael",Dr.,Volker Michael,Ullrich,1975,2,3,19.0,252.0,1,1,1,"28,1",1,1,VolkerUllrich,28446356,1,1,ullrich.volker,249601011844044,1,1
5565,5566,16,4,FDP,"Ullrich, Gerald",,Gerald,Ullrich,1962,2,3,1.0,196.0,1,1,2,'null',1,1,G_UllrichFDP,935456332655874048,1,1,FDPGeraldUllrich,1981109735453576,1,1
5601,5602,3,6,GRÜNE,"Verlinden, Dr. Julia Maria Kornelia",Dr.,Julia Maria Kornelia,Verlinden,1979,1,3,5.0,37.0,1,1,2,'null',1,1,julia_verlinden,1475734592,1,1,jul.verlinden,528410977196029,1,1
5615,5616,5,4,FDP,"Vogel, Johannes",,Johannes,Vogel,1982,2,3,5.0,149.0,1,1,2,'null',1,1,johannesvogel,15630931,1,1,johannesvogel,100045008018008,1,1
5620,5621,5,5,DIE LINKE,"Vogler, Kathrin",,Kathrin,Vogler,1963,1,3,5.0,128.0,1,1,2,'null',1,1,voglerk,21287514,1,1,kathrin.vogler,563753786980536,1,1
5636,5637,3,2,SPD,"Völlers, Marja-Liisa",,Marja-Liisa,Völlers,1984,1,3,16.0,40.0,1,1,1,"35,3",1,1,MarjaVoellers,1009457791554281473,1,1,voellers,1795700464080827,1,1
5669,5670,13,2,SPD,"von Malottki, Erik",,Erik,von Malottki,1986,2,3,3.0,16.0,0,1,1,"24,8",0,1,EVMGreifswald,63240190,2,1,ErikvonmalottkiGreifswald,1470987849804375,1,1
5671,5672,1,6,GRÜNE,"von Notz, Dr. Konstantin",Dr.,Konstantin,von Notz,1971,2,3,4.0,10.0,1,1,2,'null',1,1,KonstantinNotz,17752770,1,1,KonstantinNotz,1057395874293125,1,1
5678,5679,11,3,AfD,"von Storch, Beatrix",,Beatrix,von Storch,1971,1,3,1.0,75.0,1,1,2,'null',1,1,Beatrix_vStorch,805308596,1,1,BeatrixVonStorch,100044385937879,1,1
5682,5683,5,2,SPD,"Vöpel, Dirk",,Dirk,Vöpel,1971,2,3,63.0,117.0,1,1,1,"38,8",1,1,VoepelDirk,829029719941246978,2,1,voepel,108117007999531,1,1
5696,5697,1,1,CDU,"Wadephul, Dr. Johann David",Dr.,Johann David,Wadephul,1963,2,3,1.0,4.0,1,1,2,'null',1,1,JoWadephul,389682667,1,1,johann.wadephul,1619528691651829,1,1
5698,5699,9,6,GRÜNE,"Wagener, Niklas",,Niklas,Wagener,1998,2,3,14.0,247.0,0,1,2,'null',0,1,WagenerNiklas,1166603377,1,1,niklaswagener.aschaffenburg,103255548236109,1,1
5699,5700,5,6,GRÜNE,"Wagener, Robin Till Nils Johannes",,Robin Till Nils Johannes,Wagener,1980,2,3,10.0,135.0,0,1,2,'null',0,1,robinwagener,392302434,1,1,WagenerRobin,350214655171362,1,1
5700,5701,5,5,DIE LINKE,"Wagenknecht, Dr. Sahra",Dr.,Sahra,Wagenknecht,1969,1,1,1.0,,1,1,2,'null',1,1,SWagenknecht,47375691,1,1,sahra.wagenknecht,206307219386683,1,1
5711,5712,9,6,GRÜNE,"Wagner, Johannes",,Johannes,Wagner,1991,2,3,16.0,238.0,0,1,2,'null',0,1,yooHannes,837741064052215815,1,1,hannes.wagner.coburg,102419735008984,1,1
5736,5737,12,2,SPD,"Wallstein, Maja Scarlett",,Maja Scarlett,Wallstein,1986,1,3,2.0,64.0,0,1,1,"27,6",0,1,Krawallstein,2423392771,1,1,Krawallstein,258679164938305,1,1
5748,5749,9,6,GRÜNE,"Walter-Rosenheimer, Beate",,Beate,Walter-Rosenheimer,1964,1,3,19.0,215.0,1,1,2,'null',1,1,BeateWaRo,47049428,1,1,beate.walterrosenheimer,1817642339,3,2
5753,5754,14,1,CDU,"Wanderwitz, Marco",,Marco,Wanderwitz,1975,2,3,1.0,163.0,1,1,2,'null',1,1,wanderwitz,16361044,1,0,'null','null',0,0
5762,5763,8,1,CDU,"Warken, Nina Ingrid",,Nina Ingrid,Warken,1979,1,2,,276.0,1,1,1,"35,8",1,1,ninawarken,65413134,1,1,warkennina,1429805687231910,1,1
5797,5798,7,4,FDP,"Weeser, Sandra",,Sandra,Weeser,1969,1,3,4.0,197.0,1,1,2,'null',1,1,sandra_weeser,858362895075340288,1,1,S.WeeserFDP,724954954342174,1,1
5800,5801,9,2,SPD,"Wegge, Carmen",,Carmen,Wegge,1989,1,3,20.0,224.0,0,1,2,'null',0,1,CarmenWegge,1086174715239116800,1,1,carmenweggepolitik,116666403455275,1,1
5810,5811,8,3,AfD,"Weidel, Alice Elisabeth",,Alice Elisabeth,Weidel,1979,1,3,1.0,293.0,1,1,2,'null',1,1,Alice_Weidel,833398209053605888,1,1,aliceweidel,1061322973878937,1,1
5838,5839,7,2,SPD,"Weingarten, Dr. Joe",Dr.,Joe,Weingarten,1962,2,3,14.0,201.0,1,1,1,33,1,1,DrJoeWeingarten,811960243353780226,2,1,drjoeweingarten,104078811150803,1,1
5851,5852,9,7,CSU,"Weisgerber, Dr. Anja",Dr.,Anja,Weisgerber,1976,1,3,8.0,250.0,1,1,1,"40,9",1,1,anjaweisgerber,133770069,1,1,anjaweisgerber,123317111021370,1,1
5852,5853,9,6,GRÜNE,"Weishaupt, Saskia Lea Raquel",,Saskia Lea Raquel,Weishaupt,1993,1,1,11.0,,0,1,2,'null',0,1,SaskiaLeaRaquel,574285449,1,1,saskialearaquelw,1725117366,3,2
5857,5858,8,1,CDU,"Weiss, Maria-Lena",,Maria-Lena,Weiss,1981,1,2,,285.0,0,1,1,"31,5",0,1,MariaLenaWeiss,2654324832,2,1,WeissMariaLena,111507193904173,1,1
5891,5892,3,6,GRÜNE,"Wenzel, Peer Stefan",,Peer Stefan,Wenzel,1962,2,3,10.0,29.0,0,1,2,'null',0,1,StefWenzel,61729247,1,1,StefanWenzelGruene,223539008173412,1,1
5901,5902,7,2,SPD,"Werner, Lena",,Lena,Werner,1994,1,3,10.0,202.0,0,1,2,'null',0,1,thereallenzii,38250199,2,1,lena.werner.wahlkreis202,110004534560226,1,1
5919,5920,5,4,FDP,"Westig, Nicole",,Nicole,Westig,1967,1,3,10.0,98.0,1,1,2,'null',1,1,NicoleWestig,989145249682526213,2,1,nicole.westig,100000872925578,3,2
5921,5922,3,2,SPD,"Westphal, Bernd Helmut",,Bernd Helmut,Westphal,1960,2,3,13.0,48.0,1,1,1,"38,6",1,1,BerndWestphal4,1071665423140249600,2,1,bestphal,125400970980780,1,1
5930,5931,5,3,AfD,"Weyel, Dr. Harald",Dr.,Harald,Weyel,1959,2,3,9.0,100.0,1,1,2,'null',1,1,h_weyel,841412635270762496,2,1,H.Weyel,118445328784907,1,1
5934,5935,8,1,CDU,"Whittaker, Kai Thorsten",,Kai Thorsten,Whittaker,1985,2,2,,273.0,1,1,1,"33,2",1,1,Kai_Whittaker,2479436480,1,1,kai.whittaker.cdu,135445149965726,1,1
5939,5940,8,1,CDU,"Widmann-Mauz, Annette",,Annette,Widmann-Mauz,1966,1,3,2.0,290.0,1,1,1,27,1,1,AWidmannMauz,3351905747,1,1,widmannmauz,314677355299127,1,1
5950,5951,9,3,AfD,"Wiehle, Wolfgang",,Wolfgang,Wiehle,1964,2,3,7.0,219.0,1,1,2,'null',1,1,WolfgangWiehle,1003656299589132291,2,1,W.Wiehle,1586388241380355,1,1
5954,5955,5,1,CDU,"Wiener, Dr. Klaus",Dr.,Klaus,Wiener,1962,2,3,51.0,104.0,0,1,1,30,0,1,KlausWiener,862247639584317441,2,1,KlauswienerCDU,102314525375756,1,2
5956,5957,5,2,SPD,"Wiese, Dirk",,Dirk,Wiese,1983,2,3,5.0,147.0,1,1,2,'null',1,1,DirkWieseSPD,815469233090023424,2,1,dirkwiesespd,369365856491724,1,1
5994,5995,5,1,CDU,"Winkelmeier-Becker, Elisabeth",,Elisabeth,Winkelmeier-Becker,1962,1,3,5.0,97.0,1,1,1,"32,6",1,1,ElisabethWinke4,1386075729780162569,2,1,Elisabeth.WinkelmeierBecker,121895396276,1,1
5999,6000,9,7,CSU,"Winkler, Tobias",,Tobias,Winkler,1978,2,3,35.0,243.0,0,1,1,"33,5",0,1,TW_EP,2811445750,2,1,TobiasWinklerBTW21,100471655645989,1,2
6000,6001,9,6,GRÜNE,"Winklmann, Tina",,Tina,Winklmann,1980,1,3,17.0,234.0,0,1,2,'null',0,1,TinaWinklmann,1409889740665540620,1,1,Tina.Winklmann.Gruene,100012631185298,3,2
6011,6012,10,3,AfD,"Wirth, Dr. Christian Friedrich",Dr.,Christian Friedrich,Wirth,1963,2,3,1.0,299.0,1,1,2,'null',1,1,ChrWirthMdB,920193967937019904,2,1,christian.wirth.509511,365566760558158,1,2
6018,6019,7,4,FDP,"Wissing, Dr. Volker",Dr.,Volker,Wissing,1970,2,3,1.0,211.0,0,1,2,'null',0,1,Wissing,20593301,1,1,Wissing.FDP,1566424690272923,1,1
6019,6020,6,5,DIE LINKE,"Wißler, Janine Natalie",,Janine Natalie,Wißler,1981,1,3,1.0,182.0,0,1,2,'null',0,1,Janine_Wissler,143484553,1,1,JanineWissler,403554119734838,1,1
6025,6026,1,3,AfD,"Witt, Uwe",,Uwe,Witt,1959,2,3,1.0,9.0,1,1,2,'null',1,1,Witt_Uwe,4503658823,2,1,WittUw,478590368968433,1,1
6096,6097,3,1,CDU,"Wulf, Mareike Lotte",,Mareike Lotte,Wulf,1979,1,3,9.0,46.0,0,1,2,'null',0,1,MareikeWulf,1037791106518409216,2,1,MareikeLotteWulf,239730576465595,1,1
6103,6104,3,3,AfD,"Wundrak, Franz Josef Joachim",,Franz Josef Joachim,Wundrak,1955,2,3,1.0,26.0,0,1,2,'null',0,1,JoachimWundrak,1389980178038808581,2,1,Joachim-Wundrak-101503271893759,101503271893759,1,1
6159,6160,15,3,AfD,"Ziegler, Kay-Uwe",,Kay-Uwe,Ziegler,1963,2,2,,71.0,0,1,1,"24,2",0,1,KayUweZiegler71,846770487480995841,2,1,ZieglerWaehlen,1829143163972472,1,1
6165,6166,5,1,CDU,"Ziemiak, Paul",,Paul,Ziemiak,1985,2,3,6.0,150.0,1,1,1,"33,6",1,1,PaulZiemiak,288696645,1,1,paulziemiak,100044268707373,1,1
6167,6168,12,2,SPD,"Zierke, Stefan",,Stefan,Zierke,1970,2,3,3.0,57.0,1,1,1,"29,6",1,1,zierke,64220313,1,1,ZierkeSPD,234636206679771,1,1
6174,6175,6,2,SPD,"Zimmermann, Dr. Jens",Dr.,Jens,Zimmermann,1981,2,3,7.0,187.0,1,1,1,"32,3",1,1,JensZSPD,449619355,1,1,JensZSPD,315208841871484,1,1
6188,6189,8,1,CDU,"Zippelius, Nicolas Benjamin",,Nicolas Benjamin,Zippelius,1987,2,2,,272.0,0,1,1,"30,4",0,1,NZippelius,1560104953,2,1,NZippelius,102135698530662,1,1
6197,6198,6,2,SPD,"Zorn, Armand",,Armand,Zorn,1988,2,3,23.0,182.0,0,1,1,29,0,1,ArmandZorn,1313187376378908675,1,1,Armand-Zorn-SPD-102203798533728,102203798533728,1,1
